customer_id,age,gender,region,education_level,employment_type,annual_income,loan_amount,loan_purpose,credit_score,repayment_history,transaction_count,spending_ratio,join_date,default_flag
1001,,Other,North,Primary,Self-Employed,166044.16558631998,344958.4099307897,Business,,4,44,0.4155337752094721,2018-01-01,1
1002,69.0,Other,South,Secondary,,852937.3868525438,228634.0582953415,Car,776.2584103427182,4,113,0.37416631778797804,2018-01-02,0
1003,46.0,Male,West,Post-Graduate,Self-Employed,251699.75381017552,231461.0521106942,Car,594.8141854107553,0,32,0.2971241284497465,2018-01-03,0
1004,32.0,Male,West,Primary,Salaried,336738.91818903084,254515.60642858286,Home,905.8199285668252,9,18,0.9713790981923952,2018-01-04,1
1005,60.0,Other,North,Secondary,Unemployed,763153.301656432,153642.93807439436,Car,593.5752401342611,5,43,1.193850598046227,2018-01-05,1
1006,25.0,Other,South,Secondary,,149378.59061235696,287120.7985427819,Home,668.4551303197037,8,183,0.9096177591885048,2018-01-06,0
1007,38.0,Other,North,Graduate,,,209162.66929723712,Other,804.2109952567876,8,137,0.30574779342349356,2018-01-07,0
1008,56.0,Female,East,Primary,Salaried,217395.13093164453,276011.63767990656,Home,900.0,7,13,1.2355732779068593,2018-01-08,0
1009,,Male,East,Primary,Self-Employed,749338.9473059174,184163.74987453356,Business,856.1503576636399,4,167,0.9903365900292198,2018-01-09,0
1010,40.0,Other,North,Post-Graduate,Salaried,66024.46259182831,305382.25813849486,Home,770.8366230593142,0,111,0.6434319885777937,2018-01-10,0
1011,28.0,Male,West,Graduate,,,232107.49016198318,Other,900.0,8,84,1.043782413750488,2018-01-11,0
1012,28.0,Female,West,Graduate,Salaried,391015.5530082183,374600.56193416694,Business,709.2526949201183,0,108,0.463866970939966,2018-01-12,0
1013,41.0,Female,North,Graduate,Salaried,694364.5380345471,170438.2706542216,Education,727.8361076166638,7,81,0.5832690918918947,2018-01-13,0
1014,53.0,Other,North,Graduate,,493808.3498726853,216363.95168725963,Education,594.8814283671467,4,12,1.3844801803847864,2018-01-14,0
1015,57.0,Female,East,Primary,Salaried,432856.98542268586,117473.90025038736,Home,568.1801116577693,2,151,0.5067063079399885,2018-01-15,1
1016,41.0,Male,West,Primary,Unemployed,769208.8414929435,157656.14099630242,Home,649.6625542589048,6,197,0.7579835754211112,2018-01-16,0
1017,20.0,Other,North,Secondary,Unemployed,931047.9076866147,249494.92382783245,Other,632.9815377475071,6,182,1.3461975923544205,2018-01-17,0
1018,39.0,Male,East,Secondary,Self-Employed,634451.4568827545,290345.95500316005,Other,604.6771950672725,8,43,1.0908098903745385,2018-01-18,0
1019,19.0,Male,West,Graduate,Unemployed,,437200.8281376578,Car,719.6387447456715,6,54,0.18708451663058384,2018-01-19,1
1020,41.0,Female,South,Graduate,Unemployed,416371.3931981456,192269.68747014232,Other,745.5305208570511,2,70,0.30622426199055847,2018-01-20,0
1021,61.0,Female,East,Graduate,,1211552.6202426753,125342.92738835218,Car,658.8406886291847,0,92,0.11097822708068356,2018-01-21,0
1022,47.0,Female,West,Secondary,Unemployed,520163.4844508104,260266.0608301793,Business,797.7530081055262,7,132,0.9832905063208287,2018-01-22,0
1023,55.0,Female,West,Post-Graduate,Salaried,174081.4028047346,109773.82235989552,Home,535.8310885866495,2,111,0.7267427955745855,2018-01-23,0
1024,,Female,East,Post-Graduate,Salaried,610372.7310619002,245142.1910421389,Business,630.6340540720282,7,25,0.28798479126318577,2018-01-24,0
1025,38.0,Other,South,Secondary,Self-Employed,901114.8091279906,159819.5427044701,Other,300.0,7,75,1.4411077694794787,2018-01-25,0
1026,50.0,Male,East,Secondary,Self-Employed,643518.31595861,216927.59763043147,Business,463.346338292694,4,177,0.8415236135238677,2018-01-26,0
1027,29.0,Male,West,Secondary,Self-Employed,406170.4559610131,287283.6881731734,Business,641.7319314157301,0,154,0.4386506117580449,2018-01-27,1
1028,39.0,Male,North,Secondary,Salaried,605387.4825263581,191141.32567354434,Business,637.8252491616716,9,128,0.8008449996165905,2018-01-28,0
1029,61.0,Male,North,Secondary,Unemployed,,274630.32674628973,Other,801.3449743242131,6,171,1.0514684658291509,2018-01-29,0
1030,42.0,Female,East,Secondary,Salaried,814098.9270522278,269852.6838895319,Business,713.0811684554777,9,133,0.20673490516299026,2018-01-30,1
1031,66.0,Male,West,Graduate,Self-Employed,299248.42168732587,50853.477735272434,Car,547.5813175670795,4,153,0.48458534106704876,2018-01-31,0
1032,44.0,Other,North,Graduate,Unemployed,602059.2779164646,127871.9403171542,Other,835.4092566334189,7,111,1.229751687237591,2018-02-01,0
1033,,Other,West,Graduate,Unemployed,468379.7019859603,75055.45108836227,Business,,8,197,0.7435308185637257,2018-02-02,0
1034,45.0,Male,East,Graduate,,661318.6495827374,360138.96820241085,Other,,6,75,0.8652079988452128,2018-02-03,0
1035,33.0,Male,North,Secondary,Self-Employed,576722.7907633542,191568.6459650139,Education,627.3515901150168,6,22,0.7059424030932568,2018-02-04,1
1036,32.0,Other,West,Post-Graduate,Salaried,26055.7181031105,342466.3370373314,Car,554.056076327652,0,193,0.16145991970020718,2018-02-05,1
1037,64.0,Other,North,Primary,,430397.3827406322,69363.81755664133,Business,612.7793223928948,3,120,0.3320496917482183,2018-02-06,0
1038,68.0,Female,East,Secondary,Salaried,539711.6725792583,154178.52603611792,Education,,1,168,0.7237582942386472,2018-02-07,0
1039,61.0,Other,West,Primary,Salaried,213127.00656823086,264039.8593412778,Education,,1,43,0.3928596515710989,2018-02-08,1
1040,69.0,Female,North,Post-Graduate,Self-Employed,616204.4019731971,214341.96835413473,Other,804.324352827219,1,48,0.16997064012355023,2018-02-09,1
1041,,Female,East,Graduate,Self-Employed,195196.95165459393,242628.7914250767,Education,601.1150578213726,3,145,1.2811095296725532,2018-02-10,1
1042,54.0,Female,North,Post-Graduate,Unemployed,340312.19051658927,99695.34129653944,Car,538.0382566710989,0,129,1.4736695408297622,2018-02-11,0
1043,68.0,Female,North,Secondary,Salaried,768262.3839400269,1240577.1177212575,Car,664.0886246911203,3,135,1.2104000235954353,2018-02-12,0
1044,24.0,Female,South,Graduate,Salaried,323244.4422271463,1048645.1506423324,Home,473.15606344371486,1,64,1.295298890386534,2018-02-13,1
1045,38.0,Male,South,Secondary,Salaried,614793.3918403351,232130.04043931788,Car,682.3167714184782,4,36,0.4387679824438635,2018-02-14,0
1046,26.0,Other,East,Graduate,Unemployed,,145151.1775134554,Education,635.2397413701332,2,127,1.4448777657184797,2018-02-15,0
1047,,Female,South,Primary,Unemployed,916262.9313530284,903616.0408339024,Car,603.3963498131758,7,62,0.3756959862347997,2018-02-16,0
1048,35.0,Other,East,Primary,,439089.2723025485,176680.8016805208,Other,490.52969327332045,3,48,1.4320017345065652,2018-02-17,0
1049,21.0,Other,South,Primary,Self-Employed,519064.16138954385,67960.70319697907,Home,701.3600106569717,0,74,1.4927470115523314,2018-02-18,0
1050,42.0,Female,North,Post-Graduate,Self-Employed,535807.359309793,195966.171862281,Education,596.7299160338089,0,154,1.0964119280444682,2018-02-19,0
1051,31.0,Male,East,Secondary,Salaried,,187461.56814219794,Home,533.0083164289712,9,167,1.4736012245085506,2018-02-20,1
1052,67.0,Female,East,Post-Graduate,Salaried,196164.00340276462,284992.1207900096,Education,362.7737786718351,2,190,0.8973556913939451,2018-02-21,0
1053,26.0,Male,North,Primary,Self-Employed,498932.70583266736,21245.884614863782,Other,647.2485094949363,8,22,0.4633584964465265,2018-02-22,1
1054,43.0,Other,East,Secondary,Salaried,368246.23484372866,218815.98630837607,Home,827.2251596669744,6,30,0.7117942399318692,2018-02-23,0
1055,19.0,Male,East,Primary,Self-Employed,162088.55478434596,107554.55615154261,Business,816.125921454787,1,156,0.9309853095303002,2018-02-24,0
1056,37.0,Male,South,Post-Graduate,Unemployed,697424.440025742,225537.86737564372,Education,,8,62,0.202314186837821,2018-02-25,1
1057,45.0,Male,East,Post-Graduate,Self-Employed,429565.40328008187,229942.40444618446,Business,589.778793963822,9,28,0.9712805704641445,2018-02-26,0
1058,64.0,Other,West,Post-Graduate,Unemployed,548504.0851225039,193052.41782958465,Home,696.8774256075023,1,66,1.4736489714672123,2018-02-27,0
1059,24.0,Other,North,Primary,Salaried,535969.0837456118,264583.44998488674,Business,550.1614560811709,2,34,0.36615070969721863,2018-02-28,0
1060,61.0,Male,South,Secondary,Self-Employed,433029.5455247773,100338.71527202407,Business,680.1791899819466,9,40,1.2096331628037367,2018-03-01,0
1061,25.0,Male,South,Secondary,Salaried,,1154470.544090144,Home,726.6080278384691,1,90,1.3710583112914672,2018-03-02,1
1062,64.0,Female,West,Primary,Unemployed,490547.06947419816,143353.6907044687,Other,772.6933223884307,2,192,1.4211822299483092,2018-03-03,1
1063,52.0,Male,North,Secondary,,942047.6823233322,75528.10796080835,Business,639.9845923520047,5,32,1.4441898461676261,2018-03-04,0
1064,31.0,Female,North,Primary,Unemployed,419923.7279633364,178208.32236001527,Business,629.6326249823035,8,41,0.8300434942100606,2018-03-05,0
1065,34.0,Male,South,Secondary,Salaried,599947.524022422,32387.398185601167,Other,562.2017413243439,8,199,1.4682310711881053,2018-03-06,0
1066,53.0,Female,East,Graduate,Salaried,606519.0218741102,220333.91137969616,Business,,6,83,1.1602342899882143,2018-03-07,1
1067,67.0,Other,South,Graduate,Salaried,282443.81294764765,179259.96459358194,Business,627.3521108098473,2,19,0.3263400107317467,2018-03-08,0
1068,57.0,Male,North,Post-Graduate,Salaried,685896.5014689539,298694.95371008286,Business,686.7365506816178,3,63,0.7676601490551579,2018-03-09,0
1069,21.0,Male,West,Graduate,Unemployed,147426.614225792,251913.93684055965,Car,741.358462623325,5,61,1.1056636455208055,2018-03-10,0
1070,19.0,Male,South,Graduate,Unemployed,728827.0405232836,88640.29302495919,Other,569.6821049319656,4,157,0.4462764421467167,2018-03-11,0
1071,23.0,Male,North,Graduate,,236130.4221725189,531716.0028422767,Business,799.2688568959522,1,169,0.9968612569684422,2018-03-12,0
1072,59.0,Female,South,Primary,Self-Employed,454750.9561982648,241653.15364273672,Other,622.8876398957432,5,123,1.0332406706652668,2018-03-13,1
1073,21.0,Male,East,Graduate,Salaried,712913.73560534,267766.3207988028,Education,647.8632705651564,2,23,0.3277796413319922,2018-03-14,0
1074,46.0,Other,South,Graduate,Unemployed,,297800.07319095044,Education,575.2788320852177,7,187,0.8911194374338587,2018-03-15,0
1075,35.0,Other,South,Post-Graduate,Unemployed,663339.703542714,297160.74282442784,Business,407.5759739727058,1,165,1.1802776753700508,2018-03-16,1
1076,,Male,North,Graduate,Unemployed,623732.3919419864,192838.19118016755,Other,738.404539636105,0,119,0.7984539303503186,2018-03-17,1
1077,61.0,Other,North,Graduate,Self-Employed,757253.7226809203,229012.4497800935,Other,723.6843897092433,8,62,0.1169443634865504,2018-03-18,0
1078,,Male,North,Secondary,Self-Employed,712441.9701827423,303899.0803155037,Other,621.8672442881787,2,161,0.11265385671100905,2018-03-19,0
1079,27.0,Male,South,Post-Graduate,Unemployed,409251.13829271164,175735.32304512413,Car,656.6990717224872,0,88,0.5998410815580171,2018-03-20,0
1080,53.0,Other,East,Post-Graduate,Unemployed,626588.326758693,230378.0949552099,Education,701.5939217704099,6,31,1.3966716958044947,2018-03-21,0
1081,31.0,Male,West,Post-Graduate,Unemployed,194689.6276604507,173849.53762562788,Other,493.7454143113457,9,39,0.42014749144505226,2018-03-22,0
1082,48.0,Other,West,Post-Graduate,Self-Employed,488419.01853244303,155924.1508427658,Other,597.0947322653706,4,13,0.9881091644203619,2018-03-23,0
1083,65.0,Female,North,Post-Graduate,Unemployed,663696.9469277079,203870.80946286427,Car,729.4264679621828,4,68,0.41090621897064883,2018-03-24,0
1084,32.0,Male,North,Post-Graduate,Unemployed,526769.5308492,144996.5238928327,Car,300.0,0,17,0.5503379855233681,2018-03-25,1
1085,25.0,Female,South,Primary,Salaried,589327.9463034172,189526.72217842005,Other,679.355793216663,8,21,1.2872589254420777,2018-03-26,0
1086,31.0,Other,West,Graduate,,457345.52480684174,117203.61083742938,Home,514.3418195376595,6,128,1.1204060191779257,2018-03-27,0
1087,40.0,Female,North,Post-Graduate,Self-Employed,,184800.44902540965,Other,696.6429982433526,7,168,0.23355898823849489,2018-03-28,0
1088,57.0,Female,East,Graduate,Unemployed,483916.8452582015,235871.22348926892,Other,646.4358517702516,8,43,0.700182829381007,2018-03-29,1
1089,38.0,Other,East,Graduate,Unemployed,406909.96351918933,152898.91710345633,Car,488.48681840944903,5,91,0.14083766910337026,2018-03-30,1
1090,33.0,Female,North,Primary,Salaried,677303.4825138109,200743.34020247302,Car,766.4739354457172,4,107,0.7732462052442125,2018-03-31,1
1091,62.0,Female,North,Post-Graduate,Self-Employed,218968.015527108,211147.40748970115,Other,576.5408423201951,5,136,1.0274076163814954,2018-04-01,1
1092,35.0,Other,West,Secondary,Salaried,600206.668703469,236202.7913457068,Other,568.9747562985619,1,84,0.26590367303741214,2018-04-02,1
1093,64.0,Female,West,Primary,Salaried,291503.0251545723,189313.61269558273,Other,670.0569197230943,3,114,0.504438914472832,2018-04-03,0
1094,41.0,Other,South,Secondary,Salaried,755585.365847633,1147477.2293976978,Car,764.8637349428715,2,58,0.6569712757030196,2018-04-04,0
1095,43.0,Female,West,Graduate,Salaried,447794.5493506409,31926.491083846573,Other,,6,88,1.3873434345184696,2018-04-05,0
1096,42.0,Other,East,Graduate,Unemployed,526996.9441639377,435020.2277734219,Other,656.1679849847972,8,194,1.4905570215921495,2018-04-06,1
1097,,Other,East,Primary,Unemployed,,130309.29887699866,Business,692.8816500330573,4,102,0.1628758185938622,2018-04-07,1
1098,58.0,Female,North,Primary,Salaried,114063.08073716855,232271.2018683262,Home,719.3105607263144,5,163,1.1654110928935488,2018-04-08,0
1099,46.0,Female,West,Secondary,Self-Employed,369883.03168862866,124922.56718353211,Education,667.6441555277225,9,27,0.6204136929632805,2018-04-09,0
1100,32.0,Female,South,Post-Graduate,Self-Employed,708709.1818573107,251541.45276074414,Home,613.2972160916678,1,105,0.649441460721272,2018-04-10,0
1101,62.0,Male,East,Secondary,Self-Employed,673553.0048341777,222125.53220759422,Business,567.2409779351281,2,47,1.1559709626858319,2018-04-11,1
1102,18.0,Male,East,Primary,,556606.4410790433,147942.91701239283,Education,658.6143883046375,2,96,1.3857970050035722,2018-04-12,0
1103,42.0,Male,South,Secondary,Salaried,230107.2857148953,285846.98763282504,Other,542.7860988014393,8,97,1.4313000323035678,2018-04-13,0
1104,24.0,Other,South,Primary,Unemployed,617100.6921717159,186883.1296318463,Business,357.86495165053924,6,59,0.907971620453649,2018-04-14,0
1105,26.0,Female,East,Secondary,Self-Employed,642679.9180410891,243777.27504456032,Other,693.6559804157667,7,17,0.5999696230207039,2018-04-15,0
1106,41.0,Other,East,Primary,Salaried,509403.44262474903,126627.21558431713,Car,740.3934841086195,9,178,1.202568720202291,2018-04-16,1
1107,,Male,South,Primary,Self-Employed,3723170.950591457,197528.9891542736,Business,413.70675644581615,8,143,0.4514019365672204,2018-04-17,0
1108,61.0,Female,East,Primary,Self-Employed,363313.6419739754,360272.5813745684,Car,549.0269295290062,5,78,0.8897036403669248,2018-04-18,1
1109,25.0,Other,North,Post-Graduate,Salaried,398028.484500005,277037.2423291304,Business,711.9154261005198,3,181,0.6020098461348223,2018-04-19,0
1110,41.0,Female,North,Secondary,Unemployed,3077.6841828370816,224609.66043608414,Business,855.7495469711698,0,130,1.0192835031910266,2018-04-20,0
1111,28.0,Other,South,Secondary,,683965.5020295327,164086.3337912163,Car,652.0793707675408,7,73,0.43655847805090964,2018-04-21,0
1112,68.0,Female,West,Secondary,Salaried,562772.3926940268,205399.8828700007,Education,577.1997058770866,6,166,0.3682301240287561,2018-04-22,1
1113,34.0,Male,South,Primary,Unemployed,163635.93497335416,215805.27921379058,Home,631.710355889516,1,165,1.385534721345612,2018-04-23,0
1114,25.0,Male,South,Secondary,Salaried,741401.0000058525,235938.27479357962,Other,787.4876419148185,7,148,0.24252515612935166,2018-04-24,0
1115,52.0,Female,West,Secondary,Salaried,1627369.3726289892,113867.15934578674,Business,900.0,4,130,0.8083410708289043,2018-04-25,0
1116,,Other,West,Primary,Salaried,658731.5883960708,253472.6368753892,Other,570.0807993349747,6,74,0.40919389614821244,2018-04-26,1
1117,50.0,Male,West,Graduate,Unemployed,,112832.55213642778,Car,601.7256477817967,3,116,0.15450194865593442,2018-04-27,0
1118,22.0,Male,North,Primary,Salaried,,330490.06818254973,Other,554.6671391741288,4,156,0.15042634560799695,2018-04-28,1
1119,59.0,Male,East,Secondary,Self-Employed,298776.8213833008,138269.73420664974,Car,662.2670315994795,7,146,0.3453104809481583,2018-04-29,0
1120,56.0,Female,North,Primary,Unemployed,1449088.042171813,223730.26557409405,Other,812.467845846956,0,164,1.3134784963084003,2018-04-30,0
1121,,Female,East,Graduate,Unemployed,,280411.4058622414,Home,682.307927311603,0,171,0.49547024156783726,2018-05-01,0
1122,,Other,North,Primary,,,179809.59652284402,Home,624.7646497873712,3,181,1.430642838805414,2018-05-02,0
1123,24.0,Other,East,Secondary,Unemployed,285884.3840645665,908992.0061119547,Home,620.8188731084456,2,109,0.9142712101848709,2018-05-03,0
1124,26.0,Other,North,Graduate,Self-Employed,,314814.52393520414,Home,300.0,9,91,0.7112598656762724,2018-05-04,0
1125,25.0,Female,West,Post-Graduate,Unemployed,,245152.2390314613,Home,738.3109777147159,1,152,0.9121243685372363,2018-05-05,0
1126,,Female,South,Secondary,Unemployed,334883.0313965078,228444.0503739482,Home,642.2162802987198,2,60,0.8233777393167748,2018-05-06,1
1127,51.0,Other,North,Graduate,Salaried,961944.5510812374,65217.16841436303,Car,631.9520086409375,0,150,1.1622867552602552,2018-05-07,0
1128,,Other,East,Graduate,Unemployed,367220.61729066685,125302.21978078218,Business,969.3107567844861,0,92,0.49549449236199317,2018-05-08,1
1129,65.0,Female,West,Post-Graduate,Self-Employed,733420.5828767272,283753.61021200096,Other,679.8752908365686,5,186,0.5942705482404234,2018-05-09,0
1130,40.0,Other,North,Primary,Self-Employed,824221.7115575431,245596.0244273106,Home,,4,121,1.351732023546551,2018-05-10,0
1131,41.0,Male,North,Primary,Self-Employed,930039.6623426571,257717.30190280592,Car,,7,65,1.4250391184105677,2018-05-11,0
1132,54.0,Female,West,Secondary,Self-Employed,514792.5928147136,250831.75457719178,Car,764.8445709196754,1,188,1.3495815184810642,2018-05-12,0
1133,52.0,Other,North,Post-Graduate,Unemployed,396493.26981835515,1212722.0890801197,Car,661.3270410537765,3,174,0.6872271915402389,2018-05-13,0
1134,61.0,Female,South,Primary,Unemployed,380215.1206881328,179088.00600359018,Business,506.1722021682633,7,154,1.1925117042096343,2018-05-14,0
1135,57.0,Male,North,Post-Graduate,Self-Employed,611075.3633613816,209639.99670314408,Other,741.9228934575203,5,195,0.7668700266215382,2018-05-15,0
1136,39.0,Female,South,Primary,Self-Employed,375425.90071534325,117706.05334967328,Business,583.1855914461006,0,166,0.796555793004543,2018-05-16,0
1137,44.0,Female,South,Graduate,Unemployed,400806.1907347059,97758.19332508992,Education,837.3297776217546,3,170,0.3865521526801975,2018-05-17,1
1138,52.0,Female,West,Primary,Self-Employed,466377.02087494126,68500.74275295538,Car,,0,69,0.927582424561923,2018-05-18,1
1139,18.0,Female,North,Post-Graduate,Salaried,425320.1463246861,129186.92008001219,Education,605.2678104341248,1,129,0.36059025685468715,2018-05-19,0
1140,52.0,Male,West,Graduate,Self-Employed,265285.95859757497,324204.9452391714,Home,778.1016361735112,4,192,0.5641905786940713,2018-05-20,0
1141,54.0,Female,North,Graduate,Self-Employed,,75781.834574717,Home,656.7855510527403,7,147,1.2970422822679093,2018-05-21,0
1142,64.0,Female,North,Graduate,Salaried,709706.18770152,175717.12115382418,Business,735.277367512222,7,184,0.38990613289519727,2018-05-22,0
1143,31.0,Other,East,Post-Graduate,Salaried,568723.7179070434,96548.37410830737,Other,698.4732817294475,2,32,0.19962159924280592,2018-05-23,0
1144,20.0,Female,North,Secondary,Unemployed,424689.46979554684,151922.0829597311,Education,565.3643345009126,3,158,0.19661062965794282,2018-05-24,0
1145,18.0,Other,West,Secondary,Unemployed,358957.8527340437,213575.50338816157,Other,585.6450167682538,9,22,1.417098328704351,2018-05-25,0
1146,22.0,Male,South,Secondary,Salaried,359275.98741471075,143990.73014359933,Business,752.9960817581161,5,110,0.8096886131465684,2018-05-26,0
1147,43.0,Male,North,Post-Graduate,Salaried,971475.2730065417,287173.1892013169,Home,616.5224667893459,9,170,0.6731769005438256,2018-05-27,0
1148,31.0,Male,East,Graduate,Unemployed,687567.6603133288,322718.24966796534,Other,609.6351536758003,2,33,1.2352300134110858,2018-05-28,1
1149,56.0,Male,West,Secondary,Self-Employed,331977.98428333236,20072.34175552486,Other,554.4877420650647,1,117,1.2701562990747224,2018-05-29,1
1150,44.0,Other,North,Post-Graduate,Salaried,532939.5654874281,145360.6135719102,Home,692.3599065593461,5,20,0.5650674463618465,2018-05-30,0
1151,26.0,Female,West,Secondary,,427492.99498012755,204731.3697817938,Education,856.2524919243144,4,26,1.0710652804633134,2018-05-31,1
1152,32.0,Male,East,Primary,Self-Employed,616760.0752312582,290089.36208123044,Home,543.2467085745727,9,184,1.1795719421926412,2018-06-01,1
1153,32.0,Female,East,Secondary,Salaried,,163660.457987739,Other,652.4219456672758,4,34,1.0165109616123362,2018-06-02,0
1154,43.0,Other,West,Secondary,Self-Employed,716721.9307810941,198405.16838033518,Education,900.0,9,103,0.3122331047201391,2018-06-03,0
1155,59.0,Other,North,Graduate,Unemployed,329888.7082675609,107460.4619958441,Education,642.0358608754285,4,30,1.3262363169238798,2018-06-04,0
1156,30.0,Other,South,Post-Graduate,Salaried,520947.0597276261,77376.33181901235,Home,,9,93,0.8547323738304121,2018-06-05,1
1157,68.0,Male,East,Graduate,Self-Employed,,315630.7751666347,Other,543.760647185312,4,149,0.49546139691800517,2018-06-06,1
1158,49.0,Female,North,Graduate,,248531.93991423107,54074.410088565055,Business,900.0,2,46,0.6953194596127714,2018-06-07,0
1159,56.0,Female,North,Graduate,Self-Employed,676820.1673118359,386289.5206737253,Other,631.2855734995451,6,51,0.15259952655847034,2018-06-08,0
1160,66.0,Female,South,Graduate,Unemployed,309863.2417189346,258012.1119505393,Car,748.5729995679862,5,154,0.2790135217113846,2018-06-09,0
1161,69.0,Other,East,Graduate,Unemployed,331818.24039042904,1017591.3841653619,Business,768.7386051564752,3,110,1.1717654507222053,2018-06-10,0
1162,,Male,East,Secondary,Salaried,498344.3850899901,246037.4933995544,Education,908.9563642018613,1,57,0.10001628865751261,2018-06-11,0
1163,21.0,Other,North,Graduate,Self-Employed,638952.2061693079,179785.14495992288,Business,300.0,8,112,0.683192159875209,2018-06-12,1
1164,47.0,Other,North,Graduate,Salaried,287834.64083318075,231366.76237606956,Education,682.5796316582166,0,37,0.8315142535198238,2018-06-13,0
1165,54.0,Female,South,Post-Graduate,Salaried,-196161.7657520168,184888.26497724198,Education,669.4384301577336,3,50,0.1764881880013612,2018-06-14,1
1166,40.0,Other,South,Primary,Self-Employed,325955.3515712977,244245.86211523836,Business,614.6833707189312,0,108,1.462309428161266,2018-06-15,1
1167,56.0,Female,East,Secondary,,741125.6155905675,197305.07784730272,Education,683.8483843461692,5,56,0.4165754637495407,2018-06-16,1
1168,62.0,Male,West,Secondary,Self-Employed,568627.0102033748,123972.14535186123,Education,,3,155,0.5258782074907932,2018-06-17,0
1169,32.0,Female,East,Secondary,Unemployed,764774.9607574426,130354.1906990595,Car,666.8460976269614,4,114,0.5255195171570383,2018-06-18,0
1170,60.0,Male,North,Graduate,,1368183.8578673042,121258.20997659971,Other,781.759753560796,4,133,0.4225833269642898,2018-06-19,0
1171,46.0,Female,East,Graduate,Salaried,172120.74646718876,277672.05855474476,Other,549.3457434720359,8,22,0.10206335092083599,2018-06-20,0
1172,53.0,Other,West,Graduate,,592509.7105295081,150604.27100327215,Car,,0,150,1.121082711723195,2018-06-21,0
1173,30.0,Other,South,Post-Graduate,Self-Employed,548004.5475370092,47031.74711321117,Business,781.7115067339865,1,109,1.4535836997189995,2018-06-22,0
1174,49.0,Male,West,Primary,Unemployed,561110.8640754517,231747.09326790442,Home,,5,40,0.4140108765990631,2018-06-23,0
1175,24.0,Male,West,Graduate,Unemployed,686599.3285301137,321161.4050071665,Home,437.81451009914053,4,139,1.0282660685247913,2018-06-24,0
1176,68.0,Male,West,Primary,Unemployed,584336.984782452,261846.65513420216,Home,589.2178012905567,6,25,1.138654857742201,2018-06-25,0
1177,39.0,Female,South,Post-Graduate,Salaried,581123.5186280757,151734.114782263,Car,,2,146,1.2877955307267346,2018-06-26,0
1178,45.0,Female,West,Secondary,,643001.4027602281,73055.06275239287,Car,647.7131937701118,2,82,0.6916808758190527,2018-06-27,1
1179,19.0,Male,West,Graduate,Salaried,,189258.55173139914,Education,550.069776770509,9,175,0.5241032678966009,2018-06-28,1
1180,59.0,Other,West,Primary,Salaried,671489.1863434812,187262.0897522632,Home,,1,63,0.5554131876322436,2018-06-29,0
1181,62.0,Female,North,Primary,Salaried,701704.1649557163,122464.03117489872,Business,734.0620026504553,2,193,1.0976698663379179,2018-06-30,0
1182,23.0,Female,West,Graduate,Self-Employed,806337.760248183,244082.984179403,Business,704.6733568201379,9,109,1.2434912531078905,2018-07-01,0
1183,45.0,Female,South,Secondary,Salaried,370161.73501926416,347730.1200664378,Home,,0,118,0.35425955485924376,2018-07-02,0
1184,45.0,Male,West,Secondary,Salaried,596112.4214821495,217782.6173966627,Home,613.3175588185312,4,96,0.6193174114208713,2018-07-03,0
1185,,Male,West,Secondary,Self-Employed,425935.32628054067,212838.09655990766,Home,,4,182,1.36271627544881,2018-07-04,1
1186,61.0,Male,South,Post-Graduate,Salaried,,125021.75609329419,Car,557.7589815501498,6,171,1.229370927572635,2018-07-05,0
1187,37.0,Male,West,Primary,Unemployed,362091.93578392675,311793.1762448298,Car,811.5375689469442,3,146,1.4788017638674662,2018-07-06,0
1188,47.0,Male,South,Primary,Unemployed,598991.1035123051,193988.46665519866,Car,617.767953078866,2,17,1.155947563554913,2018-07-07,0
1189,28.0,Other,West,Primary,Salaried,583650.5109572001,153682.93958446634,Other,771.7158520825496,0,16,0.6504732814390911,2018-07-08,0
1190,45.0,Other,South,Post-Graduate,Self-Employed,580082.4058476874,205095.07149212927,Business,802.1316051922452,7,45,0.9268929675924928,2018-07-09,0
1191,,Male,West,Primary,Unemployed,454857.2704861334,237756.90665972873,Business,749.8310898147961,2,27,1.0254199559462485,2018-07-10,0
1192,56.0,Female,West,Post-Graduate,Self-Employed,500682.9502356821,211137.23269159225,Education,606.8379687281952,1,12,0.2098381428439735,2018-07-11,0
1193,,Male,North,Secondary,,663550.5391752099,296492.2716536473,Car,690.373009033661,3,37,0.8622957427454111,2018-07-12,0
1194,18.0,Other,North,Graduate,Unemployed,202121.38807013875,230717.72420374898,Other,647.5804393609084,2,79,1.0930491598616534,2018-07-13,0
1195,44.0,Other,West,Primary,Self-Employed,504928.41968571686,177284.6551293972,Other,,0,181,0.33424982560148453,2018-07-14,0
1196,69.0,Female,West,Primary,Unemployed,517991.22962535796,232095.3773061512,Business,682.4359281721603,2,158,1.19288440439578,2018-07-15,0
1197,30.0,Other,East,Secondary,,650660.8538155298,239970.96809007658,Car,532.0960208840197,1,37,0.9172818927197562,2018-07-16,1
1198,58.0,Male,South,Graduate,Unemployed,229950.31761143496,96289.92645889265,Education,768.7679388461563,7,63,1.4331104999766324,2018-07-17,0
1199,20.0,Female,East,Post-Graduate,Salaried,799026.7491034823,291953.5782610972,Car,603.5382702701606,5,191,0.15939121748964838,2018-07-18,0
1200,56.0,Male,North,Graduate,Unemployed,542726.084885702,175927.67845109128,Home,670.1159655872839,8,74,0.4714565925776537,2018-07-19,0
1201,23.0,Male,North,Secondary,Unemployed,553316.1093389873,177974.1421195656,Car,,7,109,0.9421754310197537,2018-07-20,0
1202,25.0,Female,North,Secondary,Unemployed,419724.0485335547,260110.07896607567,Home,624.1095026295923,9,30,0.5151838770883029,2018-07-21,0
1203,44.0,Male,North,Graduate,Unemployed,607604.4709593687,259773.2179407665,Home,708.6693801475275,2,22,1.1001938296997391,2018-07-22,0
1204,26.0,Other,West,Post-Graduate,,509590.81005662115,143933.46569071314,Education,,4,66,1.1626073955307035,2018-07-23,1
1205,54.0,Male,North,Post-Graduate,Salaried,741796.3888212931,264232.1294516549,Business,737.1297297457244,6,58,0.24352234969306422,2018-07-24,0
1206,,Female,West,Primary,Unemployed,211701.15038727695,155164.14788083808,Car,515.4020319753251,4,127,0.8193962498894748,2018-07-25,0
1207,68.0,Female,West,Post-Graduate,Self-Employed,2675545.8298905077,345565.84373589244,Home,662.6379579546411,7,63,0.8124467778274782,2018-07-26,0
1208,59.0,Female,North,Graduate,Salaried,581702.4696754853,133744.4814987389,Car,843.8928999058285,4,147,0.6169930783017574,2018-07-27,1
1209,61.0,Male,North,Secondary,Salaried,462725.52112738165,219158.19693647174,Business,549.9668675394425,0,62,1.406094807597541,2018-07-28,0
1210,41.0,Female,South,Primary,Salaried,,137438.5890473914,Business,582.2255029475149,4,53,1.2585088478225097,2018-07-29,0
1211,32.0,Female,East,Primary,Salaried,427408.5442062585,377815.65033080603,Other,900.0,3,56,1.0760931346734914,2018-07-30,0
1212,49.0,Male,North,Secondary,Unemployed,2674639.269367828,100974.32447303072,Business,667.9581781939598,5,62,1.1000572900289967,2018-07-31,0
1213,49.0,Other,South,Post-Graduate,,138008.21980385878,241949.01978023283,Education,685.0630099273559,2,83,0.7464026013383667,2018-08-01,0
1214,41.0,Male,South,Secondary,Self-Employed,,141207.16684177605,Home,698.9187130147664,4,55,1.3893923295352062,2018-08-02,0
1215,58.0,Female,East,Post-Graduate,Self-Employed,403973.62646082987,171671.38868416104,Other,713.472146856177,1,22,1.0724335981545996,2018-08-03,0
1216,69.0,Female,West,Secondary,Self-Employed,525560.5394733566,236283.02669961407,Education,,5,174,1.1205734863181431,2018-08-04,0
1217,66.0,Male,North,Graduate,Salaried,573420.4533576134,297966.75501009147,Car,690.9818656928512,5,111,1.3063672653022833,2018-08-05,0
1218,66.0,Other,East,Post-Graduate,Salaried,394838.92253740865,329871.72498392366,Home,625.8742345381457,4,33,0.4837002250790674,2018-08-06,0
1219,69.0,Female,North,Graduate,Unemployed,473792.3186002008,77044.16319789436,Business,717.2573701202731,5,11,1.2298992654133842,2018-08-07,1
1220,29.0,Female,South,Primary,Salaried,92951.95187489921,221420.09794915697,Home,839.9881934895216,6,90,0.37333684413908885,2018-08-08,0
1221,,Female,South,Secondary,Salaried,646424.7214666144,316759.4882706817,Car,,4,109,0.5834787331428429,2018-08-09,0
1222,19.0,Male,West,Primary,Salaried,716013.8000644329,65175.12489904475,Other,552.5470695329359,0,151,0.5698546359777797,2018-08-10,0
1223,20.0,Female,South,Primary,Self-Employed,159801.2896122493,900602.7180975511,Other,760.7080669286972,7,147,1.469935655744797,2018-08-11,0
1224,66.0,Other,South,Primary,Self-Employed,418701.42466074764,199833.2962063853,Other,637.9618836046402,3,172,1.2991521132470976,2018-08-12,1
1225,54.0,Female,East,Primary,Unemployed,1270130.6217591856,233163.34515038307,Business,432.73304539859635,8,162,1.0816378062263636,2018-08-13,0
1226,66.0,Female,North,Secondary,,464451.9357025188,138215.67797388198,Education,734.7421677150421,9,140,1.117879466261546,2018-08-14,0
1227,,Other,North,Primary,Salaried,629727.2669441922,85150.4937429248,Education,596.4671814046077,5,120,0.8869019121635995,2018-08-15,0
1228,66.0,Female,East,Secondary,Unemployed,697461.7798513251,46951.48598567798,Home,,0,111,1.4259269339519267,2018-08-16,0
1229,19.0,Male,West,Secondary,Salaried,724370.6378853697,278110.71627696825,Business,683.1980330569014,2,26,0.7947622540353061,2018-08-17,0
1230,19.0,Male,North,Graduate,Salaried,762108.7649384426,288323.9309186683,Other,300.0,2,21,0.6327247938178523,2018-08-18,0
1231,45.0,Male,South,Post-Graduate,Self-Employed,455517.4443088869,224214.82791967888,Other,720.9451817139039,9,191,0.32824947170422736,2018-08-19,0
1232,40.0,Other,North,Post-Graduate,Unemployed,270608.27425331215,157268.13202495227,Car,,3,125,1.2006879131654813,2018-08-20,1
1233,,Female,South,Secondary,Unemployed,477081.9399384062,70156.32852274037,Car,701.3105798176083,5,33,1.128221504905828,2018-08-21,0
1234,49.0,Male,West,Graduate,Unemployed,626653.5004607151,245067.6370004019,Other,900.0,6,38,0.6380970539337888,2018-08-22,1
1235,50.0,Other,East,Secondary,Unemployed,,111937.6573730652,Other,300.0,9,180,0.1352707795429211,2018-08-23,1
1236,18.0,Female,North,Secondary,,,143096.11001915697,Business,711.5367484013053,3,162,1.274596258805215,2018-08-24,1
1237,36.0,Other,East,Secondary,Self-Employed,679577.7077520683,153074.8736349825,Education,556.4561297955405,5,131,0.11598517683570309,2018-08-25,0
1238,,Male,North,Graduate,Salaried,458686.5663137342,736788.7277769702,Car,758.5982116175032,0,197,1.0851796914806713,2018-08-26,0
1239,61.0,Male,South,Post-Graduate,Salaried,357825.6139177518,139276.76422330813,Education,596.4036554885952,7,99,1.45835995361648,2018-08-27,1
1240,43.0,Male,East,Graduate,Salaried,366175.7837774714,202676.70167938422,Business,900.0,6,74,0.7127258594074848,2018-08-28,0
1241,49.0,Other,North,Primary,Salaried,514841.2427600311,150254.5359594887,Other,686.7287313401341,8,93,0.4289627669943339,2018-08-29,0
1242,23.0,Other,South,Graduate,Self-Employed,2270597.3972696476,256109.84518713783,Education,833.8183676795122,2,128,1.0868194140607343,2018-08-30,1
1243,49.0,Male,East,Graduate,Unemployed,690100.551056525,282485.03311904427,Other,627.6534017628148,1,165,1.2439793988218193,2018-08-31,1
1244,,Other,East,Graduate,Self-Employed,431404.8343394742,208683.41408227506,Other,300.0,0,25,0.8650024425089862,2018-09-01,0
1245,28.0,Male,North,Graduate,Salaried,601100.3621222982,237010.1068304882,Home,648.0580394112268,2,184,1.4538493853586048,2018-09-02,0
1246,34.0,Male,North,Post-Graduate,Self-Employed,494215.023165026,369428.47597007116,Education,619.6820217165724,4,113,0.17233621032114554,2018-09-03,0
1247,55.0,Female,North,Primary,Unemployed,553933.8714794142,106191.73945109472,Education,729.994190194205,1,101,0.8067138376263393,2018-09-04,1
1248,41.0,Other,South,Post-Graduate,Unemployed,453988.71288072347,101322.55189759155,Other,488.3689391563412,2,195,1.1058355262515702,2018-09-05,1
1249,22.0,Male,North,Post-Graduate,Self-Employed,641543.1082499241,255599.83206215,Business,544.6317580853646,3,36,1.3076966596088506,2018-09-06,0
1250,,Male,East,Graduate,Self-Employed,644508.0160580154,1422893.708004725,Home,543.2197078420807,6,190,0.35095785667090607,2018-09-07,0
1251,,Other,East,Secondary,,591985.8051644289,179160.1150449022,Other,745.0307591973576,2,179,1.220004874469154,2018-09-08,1
1252,23.0,Female,North,Secondary,Salaried,,338146.70737750083,Car,821.0613372581926,8,196,0.8737899060059633,2018-09-09,0
1253,39.0,Female,North,Post-Graduate,Self-Employed,311126.2444913895,207714.6975034792,Car,639.5550781462529,7,184,0.6551751547859485,2018-09-10,0
1254,,Male,West,Post-Graduate,Self-Employed,564649.1525817959,145529.01743687346,Home,633.117827680999,3,171,0.28440104001073097,2018-09-11,1
1255,65.0,Other,East,Graduate,Self-Employed,749840.3534975067,120744.60890898373,Business,,0,174,1.3114140624724775,2018-09-12,0
1256,33.0,Female,South,Post-Graduate,Unemployed,598280.9134038995,250353.086790943,Other,766.187830260819,0,143,0.3201824914516015,2018-09-13,0
1257,50.0,Other,West,Graduate,Unemployed,,126803.27457738426,Education,557.2646865809426,0,144,0.5337030028927389,2018-09-14,0
1258,26.0,Other,North,Secondary,Salaried,490046.69807018305,206502.14742136223,Home,673.8368982734785,0,162,0.5060637447474116,2018-09-15,0
1259,,Male,North,Secondary,Salaried,574995.5876679418,326677.2020307275,Business,747.519762978243,7,42,1.319979647867196,2018-09-16,1
1260,33.0,Female,East,Primary,Unemployed,348520.09662033815,175457.56857029037,Education,700.1094169939845,2,64,1.041784191892457,2018-09-17,0
1261,46.0,Male,North,Secondary,Unemployed,228345.76065532945,305120.7579715119,Car,668.9581616598743,5,195,1.2153539560679212,2018-09-18,1
1262,20.0,Female,South,Post-Graduate,,436780.4263126946,102836.52082188746,Car,750.1046092567141,2,16,0.4506550583094986,2018-09-19,0
1263,37.0,Female,East,Secondary,Self-Employed,351833.5184064595,157287.271894656,Education,379.6767707000763,4,66,0.9748237394497984,2018-09-20,0
1264,53.0,Female,North,Graduate,Self-Employed,497142.1937220062,349713.91161122674,Home,717.7875319530908,6,135,0.9004443764012481,2018-09-21,0
1265,36.0,Female,East,Secondary,Unemployed,181719.0705007423,205839.74047786862,Car,584.5924316872577,1,21,1.2659625275035795,2018-09-22,0
1266,43.0,Female,North,Primary,Self-Employed,612940.2125072312,262406.25437732664,Other,466.9367103143543,5,25,1.3685218846737648,2018-09-23,0
1267,20.0,Other,North,Secondary,Self-Employed,373078.9929413287,206014.9670084949,Education,701.120259952498,5,52,0.11701948006834154,2018-09-24,0
1268,,Male,North,Graduate,Salaried,699150.4473362712,298164.00479761214,Education,787.3658545162957,2,126,1.0436278866823097,2018-09-25,0
1269,37.0,Other,South,Graduate,Unemployed,444620.23204072437,140065.6607496696,Car,636.2551485372309,5,144,0.17257011876762063,2018-09-26,0
1270,49.0,Female,South,Post-Graduate,Unemployed,494922.19072310254,218027.4202951254,Home,745.2874547202939,9,120,0.8684021311082982,2018-09-27,1
1271,24.0,Male,East,Secondary,Self-Employed,465393.02426061645,631209.816443566,Other,811.2278257988646,9,60,0.5026858206611494,2018-09-28,0
1272,69.0,Female,North,Graduate,Unemployed,362368.0619799455,228934.1268338924,Home,781.4914453584047,4,169,0.5294872393309976,2018-09-29,1
1273,58.0,Male,North,Primary,Salaried,994455.892454532,240298.88369699405,Business,813.9964529371393,1,84,0.5941419048332992,2018-09-30,0
1274,50.0,Other,South,Post-Graduate,Salaried,400826.76439854305,246591.676798725,Business,724.2127491071892,8,17,0.9698094286694541,2018-10-01,0
1275,57.0,Male,North,Primary,Salaried,704704.304493132,114352.45294115185,Car,657.5433638901593,7,54,0.5676699519362769,2018-10-02,0
1276,56.0,Male,South,Secondary,Unemployed,281274.210787321,128820.3118570745,Car,489.8034188102831,2,68,1.1257786708263926,2018-10-03,0
1277,35.0,Male,North,Secondary,Unemployed,574426.2782186322,143656.9833447049,Car,625.3937511870051,7,141,0.6663383398034175,2018-10-04,0
1278,57.0,Male,East,Secondary,Unemployed,595774.4327863671,180889.5401706722,Business,565.6753404683808,8,113,0.19569448043394205,2018-10-05,1
1279,18.0,Male,North,Post-Graduate,Unemployed,495164.6045803741,206974.91233651442,Home,867.0942717497813,2,166,1.19726377947775,2018-10-06,1
1280,28.0,Female,North,Graduate,Unemployed,,256647.12974853412,Home,632.4114187567664,2,166,0.5000616544297883,2018-10-07,0
1281,45.0,Male,West,Post-Graduate,Salaried,447335.6194772072,132152.10405286145,Car,662.3204806784486,1,107,0.7058736314389676,2018-10-08,0
1282,42.0,Male,South,Primary,Self-Employed,419342.0996053759,71918.45618385982,Other,705.1485376040467,7,165,1.0596214365106622,2018-10-09,1
1283,67.0,Other,North,Post-Graduate,Salaried,,372459.4530565432,Home,654.3602446372454,9,88,0.5654386200081968,2018-10-10,0
1284,40.0,Male,North,Primary,,495479.3821110361,109483.7583478056,Business,819.5051040430753,0,133,0.17921991860540187,2018-10-11,1
1285,48.0,Other,West,Post-Graduate,Salaried,604977.7557327901,266905.8978396441,Education,587.7350638265548,7,181,0.623489465817939,2018-10-12,1
1286,47.0,Female,West,Graduate,Unemployed,,202501.35017989395,Education,669.4607455237243,6,13,1.4222280157720248,2018-10-13,1
1287,59.0,Male,South,Primary,Unemployed,324736.26640516374,220104.45126451043,Education,575.7529414301952,6,99,0.9984281562179814,2018-10-14,0
1288,52.0,Other,West,Secondary,Salaried,507532.04663358757,199875.95953312778,Other,517.9977488779294,2,113,1.0400708081340897,2018-10-15,0
1289,24.0,Other,East,Secondary,Unemployed,446162.7736637222,169212.64944422996,Car,588.8230909094715,0,146,0.9851950150926957,2018-10-16,0
1290,33.0,Female,West,Post-Graduate,Self-Employed,482772.3109033272,237117.78263387672,Business,646.2963202951588,3,128,0.3785889945432115,2018-10-17,0
1291,43.0,Male,East,Secondary,Unemployed,464197.6065765029,659652.0939976654,Other,607.069777548274,8,142,0.6856674097431921,2018-10-18,1
1292,65.0,Male,South,Primary,Self-Employed,353624.58287395653,293304.21977894317,Business,580.7579020126144,4,65,1.1513157177086455,2018-10-19,0
1293,69.0,Other,South,Secondary,Self-Employed,539082.0569993266,245475.28050049237,Business,509.3682536328166,0,105,0.2419220565744228,2018-10-20,0
1294,66.0,Male,South,Graduate,Unemployed,287473.44451677974,247967.5290625195,Car,641.6894427371305,4,187,0.48899388652559717,2018-10-21,1
1295,19.0,Other,South,Graduate,Salaried,697776.5474618037,159430.1551954728,Education,499.5279625968998,7,84,0.48684675185219506,2018-10-22,1
1296,18.0,Male,South,Post-Graduate,Self-Employed,3123309.806654604,181091.62103288033,Car,726.0055963689603,7,152,0.7048264986323083,2018-10-23,1
1297,65.0,Other,East,Primary,Salaried,401307.43672719685,104966.9753086348,Other,658.2439752934504,4,41,1.472516237319059,2018-10-24,1
1298,29.0,Male,East,Graduate,Self-Employed,411003.33572522807,171758.71546195503,Other,,8,37,0.19450356535735072,2018-10-25,0
1299,22.0,Female,South,Graduate,Unemployed,555102.1124696506,117073.92669149622,Other,619.0790922950137,0,31,0.8261813921328329,2018-10-26,0
1300,54.0,Male,West,Primary,Unemployed,340290.9368787635,305045.4812470972,Car,574.7843594409417,3,26,0.35111055481709463,2018-10-27,1
