customer_id,age,gender,education_level,employment_type,annual_income,loan_amount,credit_score,repayment_history,transaction_count,spending_ratio,join_date,default_flag,preferred_contact,account_type,loyalty_score,missed_payments,total_loans,inflation_rate,unemployment_rate,join_year,join_month,join_day,join_weekday,region_North,region_South,region_West,loan_purpose_Car,loan_purpose_Education,loan_purpose_Home,loan_purpose_Other,income_bin,good_credit,income_quantile,transaction_cluster,log_spending_ratio,sqrt_spending_ratio,reciprocal_spending_ratio,loan_amount_boxcox,income_yeojohnson,debt_to_income,avg_monthly_txn,spending_to_income
1001,43.32962962962963,2,0.0,Self-Employed,166044.16558631998,344958.4099307897,655.5945155509818,4,44,0.4155337752094721,2018-01-01,1,Phone,Current,63,2,1,5.2,7.5,2018,1,1,0,1.0,0.0,0.0,0.0,0.0,0.0,0.0,Low,0.0,Q1,2,0.3475066862596963,0.6446190931158277,0.7064472904237266,1.8660647621786794,-1.9791234645945237,2.0775099727997315,3.6666666666666665,2.50254969057285e-06
1002,69.0,2,1.0,Unemployed,840302.4897227436,228634.0582953415,776.2584103427182,4,113,0.374166317787978,2018-01-02,0,Phone,Savings,75,0,3,6.1,8.2,2018,1,2,1,0.0,1.0,0.0,1.0,0.0,0.0,0.0,Very High,1.0,Q4,0,0.3178472328996506,0.611691358274725,0.7277139506735395,0.40038993244843823,2.264769851384748,0.27208542291809573,9.416666666666666,4.452757457751119e-07
1003,46.0,1,3.0,Self-Employed,251699.75381017552,231461.0521106942,594.8141854107553,0,32,0.2971241284497465,2018-01-03,0,Phone,Savings,48,7,2,5.5,7.1,2018,1,3,2,0.0,0.0,1.0,1.0,0.0,0.0,0.0,Low,0.0,Q1,2,0.26014960503385465,0.5450909359453214,0.7709362412332477,0.4367691916251177,-1.558291044324527,0.9195918891730631,2.6666666666666665,1.1804704770344301e-06
1005,60.0,2,1.0,Unemployed,763153.301656432,153642.93807439436,593.5752401342611,5,43,1.193850598046227,2018-01-05,1,Email,Savings,88,6,4,5.2,7.5,2018,1,5,4,1.0,0.0,0.0,1.0,0.0,0.0,0.0,Very High,0.0,Q4,2,0.7856582638399032,1.0926347047601166,0.45581955347851305,-0.5832156754003492,1.6961933019968967,0.20132644088797205,3.5833333333333335,1.5643653712235304e-06
1006,25.0,2,1.0,Unemployed,149378.59061235696,287120.7985427819,668.4551303197037,8,183,0.9096177591885048,2018-01-06,0,Phone,Current,97,0,4,6.1,8.2,2018,1,6,5,0.0,1.0,0.0,0.0,0.0,1.0,0.0,Low,0.0,Q1,3,0.6469030959513258,0.9537388317503408,0.5236650084491001,1.1447319332611092,-2.0544799440109314,1.9221014026559613,15.25,6.089344901834005e-06
1007,38.0,2,2.0,Unemployed,561041.1655506169,209162.66929723712,804.2109952567876,8,137,0.3057477934234935,2018-01-07,0,Email,Current,57,5,3,5.2,7.5,2018,1,7,6,1.0,0.0,0.0,0.0,0.0,0.0,1.0,High,1.0,Q3,0,0.2667758984408221,0.5529446567455856,0.7658446792225746,0.14857613155232444,0.2909169204466261,0.372811626205647,11.416666666666666,5.449649904449106e-07
1009,43.32962962962963,1,0.0,Self-Employed,749338.9473059174,184163.7498745336,850.7570762502029,4,167,0.9903365900292198,2018-01-09,0,Email,Current,81,9,1,4.8,6.9,2018,1,9,1,0.0,0.0,0.0,0.0,0.0,0.0,0.0,Very High,1.0,Q4,3,0.6883037651519234,0.9951565655861493,0.502427581852032,-0.17818517322311694,1.5961467387910673,0.2457682875508522,13.916666666666666,1.321613661734461e-06
1012,28.0,0,2.0,Salaried,391015.5530082183,371125.82313849556,709.2526949201183,0,108,0.463866970939966,2018-01-12,0,SMS,Savings,21,3,4,5.5,7.1,2018,1,12,4,0.0,0.0,1.0,0.0,0.0,0.0,0.0,Medium,1.0,Q1,0,0.38108154456619253,0.6810778009449184,0.6831221824465978,2.188364156589783,-0.7793776278947555,0.9491331490097922,9.0,1.1863133508917393e-06
1013,41.0,0,2.0,Salaried,694364.5380345471,170438.2706542216,727.8361076166638,7,81,0.5832690918918947,2018-01-13,0,Phone,Savings,29,2,3,5.2,7.5,2018,1,13,5,1.0,0.0,0.0,0.0,1.0,0.0,0.0,Very High,1.0,Q4,1,0.4594917550133505,0.7637205587725753,0.6316045738030992,-0.35943513652264564,1.203557683249196,0.24545935357911622,6.75,8.400041475949841e-07
1014,53.0,2,2.0,Unemployed,493808.3498726853,216363.95168725963,594.8814283671467,4,12,1.3844801803847864,2018-01-14,0,Phone,Savings,17,3,1,5.2,7.5,2018,1,14,6,1.0,0.0,0.0,0.0,1.0,0.0,0.0,High,0.0,Q2,2,0.8689811468678706,1.17663935867571,0.4193786168684484,0.24196662492948917,-0.1459757412012659,0.43815369210148636,1.0,2.8036791616458813e-06
1015,57.0,0,0.0,Salaried,432856.98542268586,117473.90025038736,568.1801116577693,2,151,0.5067063079399885,2018-01-15,1,Phone,Current,84,4,4,4.8,6.9,2018,1,15,0,0.0,0.0,0.0,0.0,0.0,1.0,0.0,Medium,0.0,Q2,3,0.40992601540955126,0.7118330618480632,0.6636993518446394,-1.0738651108203687,-0.5269262800122095,0.2713919474712273,12.583333333333334,1.1706090579667752e-06
1016,41.0,1,0.0,Unemployed,769208.8414929435,157656.14099630242,649.6625542589048,6,197,0.7579835754211112,2018-01-16,0,Email,Savings,82,5,3,5.5,7.1,2018,1,16,1,0.0,0.0,1.0,0.0,0.0,1.0,0.0,Very High,0.0,Q4,3,0.5641674564554684,0.8706225217745698,0.5688335283567469,-0.529532650615794,1.740221242844617,0.20495882586361133,16.416666666666668,9.85406738110231e-07
1017,20.0,2,1.0,Unemployed,840302.4897227436,249494.92382783245,632.9815377475071,6,182,1.3461975923544205,2018-01-17,0,Email,Savings,14,7,4,5.2,7.5,2018,1,17,2,1.0,0.0,0.0,0.0,0.0,0.0,1.0,Very High,0.0,Q4,3,0.8527959718995525,1.1602575543190488,0.42622156090293106,0.6678267306598522,2.264769851384748,0.29691084684296587,15.166666666666666,1.6020392761166233e-06
1018,39.0,1,1.0,Self-Employed,634451.4568827545,290345.95500316005,604.6771950672725,8,43,1.0908098903745385,2018-01-18,0,Email,Savings,95,8,4,4.8,6.9,2018,1,18,3,0.0,0.0,0.0,0.0,0.0,0.0,1.0,High,0.0,Q4,2,0.7375514982713732,1.0444184460141148,0.47828356112322784,1.1853107786799941,0.7862358669424802,0.4576330495475803,3.5833333333333335,1.7192960604645886e-06
1020,41.0,0,2.0,Unemployed,416371.3931981456,192269.68747014232,745.5305208570511,2,70,0.3062242619905584,2018-01-20,0,SMS,Savings,9,5,1,6.1,8.2,2018,1,20,5,0.0,1.0,0.0,0.0,0.0,0.0,1.0,Medium,1.0,Q2,1,0.26714073279757744,0.553375335545919,0.7655653237339946,-0.071777262297005,-0.6273102077795847,0.46177448934068277,5.833333333333333,7.354594167443928e-07
1022,47.0,0,1.0,Unemployed,520163.4844508104,260266.0608301793,797.7530081055262,7,132,0.9832905063208288,2018-01-22,0,SMS,Current,19,0,3,5.5,7.1,2018,1,22,0,0.0,0.0,1.0,0.0,0.0,0.0,0.0,High,1.0,Q2,0,0.6847573372046039,0.9916100575936232,0.5042125683620018,0.8050353900636895,0.023283959159579964,0.5003543474509148,11.0,1.8903489685728108e-06
1023,55.0,0,3.0,Salaried,174081.4028047346,109773.82235989552,535.8310885866495,2,111,0.7267427955745855,2018-01-23,0,Phone,Current,26,0,1,5.5,7.1,2018,1,23,1,0.0,0.0,1.0,0.0,0.0,1.0,0.0,Low,0.0,Q1,0,0.5462368567324534,0.8524921088048766,0.5791250454687683,-1.1801312280429628,-1.9419460756601898,0.6305890266924592,9.25,4.17472966017953e-06
1024,43.32962962962963,0,3.0,Salaried,610372.7310619002,245142.1910421389,630.6340540720282,7,25,0.2879847912631857,2018-01-24,0,Email,Current,26,1,1,4.8,6.9,2018,1,24,2,0.0,0.0,0.0,0.0,0.0,0.0,0.0,High,0.0,Q4,2,0.25307881958696965,0.5366421445089695,0.7764066833578479,0.6122138480539469,0.6217649771143885,0.4016270363449086,2.0833333333333335,4.718179181467727e-07
1026,50.0,1,1.0,Self-Employed,643518.31595861,216927.59763043147,476.3668910048285,4,177,0.8415236135238677,2018-01-26,0,Phone,Current,53,3,4,4.8,6.9,2018,1,26,4,0.0,0.0,0.0,0.0,0.0,0.0,0.0,High,0.0,Q4,3,0.6105932798041348,0.9173459617417344,0.5430286055829819,0.2492631926125704,0.8486590584485775,0.3370962290440601,14.75,1.3076917822770923e-06
1027,29.0,1,1.0,Self-Employed,406170.4559610131,287283.6881731734,641.7319314157301,0,154,0.4386506117580449,2018-01-27,1,SMS,Current,97,9,2,5.5,7.1,2018,1,27,5,0.0,0.0,1.0,0.0,0.0,0.0,0.0,Medium,0.0,Q1,3,0.3637055990904717,0.6623070373762043,0.6950958014593901,1.1467824860294562,-0.6888331704857469,0.7072983373284757,12.833333333333334,1.0799668102894944e-06
1028,39.0,1,1.0,Salaried,605387.4825263581,191141.32567354437,637.8252491616716,9,128,0.8008449996165905,2018-01-28,0,Phone,Savings,17,6,3,5.2,7.5,2018,1,28,6,1.0,0.0,0.0,0.0,0.0,0.0,0.0,High,0.0,Q3,0,0.5882559989790879,0.8948994354767414,0.555294875579467,-0.08656238427472629,0.5879534031079269,0.3157338583808961,10.666666666666666,1.3228634927741875e-06
1029,61.0,1,1.0,Unemployed,561041.1655506169,274630.32674628973,801.3449743242131,6,171,1.0514684658291509,2018-01-29,0,Email,Current,49,2,4,5.2,7.5,2018,1,29,0,1.0,0.0,0.0,0.0,0.0,0.0,1.0,High,1.0,Q3,3,0.7185558615068735,1.0254113641993396,0.4874557014435148,0.9871454282150236,0.2909169204466261,0.48950120527566293,14.25,1.874137818028413e-06
1030,42.0,0,1.0,Salaried,814098.9270522278,269852.6838895319,713.0811684554777,9,133,0.2067349051629902,2018-01-30,1,SMS,Savings,49,9,4,4.8,6.9,2018,1,30,1,0.0,0.0,0.0,0.0,0.0,0.0,0.0,Very High,1.0,Q4,0,0.18791828681065603,0.45468110271154905,0.8286824187495702,0.9266817650557879,2.069816676416553,0.3314740689643726,11.083333333333334,2.5394322273775373e-07
1031,66.0,1,2.0,Self-Employed,299248.42168732587,50853.477735272434,547.5813175670795,4,153,0.4845853410670487,2018-01-31,0,SMS,Current,99,7,1,5.5,7.1,2018,1,31,2,0.0,0.0,1.0,1.0,0.0,0.0,0.0,Low,0.0,Q1,3,0.39513550165757866,0.6961216424354645,0.6735887606712108,-2.0238525745827745,-1.304114182347783,0.16993732982293702,12.75,1.6193413430042242e-06
1032,44.0,2,2.0,Unemployed,602059.2779164646,127871.9403171542,835.4092566334189,7,111,1.229751687237591,2018-02-01,0,Email,Current,7,3,3,5.2,7.5,2018,2,1,3,1.0,0.0,0.0,0.0,0.0,0.0,1.0,High,1.0,Q3,0,0.8018902282575098,1.1089416969514634,0.4484804320246468,-0.9314493609699948,0.565426915510213,0.2123909472164905,9.25,2.0425757601367262e-06
1033,43.32962962962963,2,2.0,Unemployed,468379.7019859603,75055.45108836227,655.5945155509818,8,197,0.7435308185637257,2018-02-02,0,Phone,Current,16,6,1,5.5,7.1,2018,2,2,4,0.0,0.0,1.0,0.0,0.0,0.0,0.0,Medium,0.0,Q2,3,0.5559122632398782,0.8622823311211507,0.573548794981309,-1.6694865349803765,-0.3067334338474233,0.1602448841615516,16.416666666666668,1.5874531185085664e-06
1034,45.0,1,2.0,Unemployed,661318.6495827374,360138.96820241085,655.5945155509818,6,75,0.8652079988452128,2018-02-03,0,Email,Current,62,8,1,4.8,6.9,2018,2,3,5,0.0,0.0,0.0,0.0,0.0,0.0,1.0,High,0.0,Q4,1,0.6233725744079913,0.9301655760375208,0.5361332358745619,2.0533247895261746,0.9719779847187338,0.5445770634619824,6.25,1.3083072727362528e-06
1035,33.0,1,1.0,Self-Employed,576722.7907633542,191568.6459650139,627.3515901150168,6,22,0.7059424030932568,2018-02-04,1,Email,Savings,25,4,1,5.2,7.5,2018,2,4,6,1.0,0.0,0.0,0.0,1.0,0.0,0.0,High,0.0,Q3,2,0.5341176871239771,0.8402037866453929,0.5861862617323863,-0.0809621168206625,0.395176508248599,0.3321676358783261,1.8333333333333333,1.2240584461017514e-06
1037,64.0,2,0.0,Unemployed,430397.3827406322,69363.81755664133,612.7793223928948,3,120,0.3320496917482183,2018-02-06,0,Phone,Current,29,0,1,5.2,7.5,2018,2,6,1,1.0,0.0,0.0,0.0,0.0,0.0,0.0,Medium,0.0,Q2,0,0.2867188775396225,0.5762375306661467,0.7507227442000101,-1.751644921863444,-0.5419773549236117,0.16116226617121793,10.0,7.714956109487296e-07
1038,68.0,0,1.0,Salaried,539711.6725792583,154178.52603611792,655.5945155509818,1,168,0.7237582942386472,2018-02-07,0,SMS,Current,6,7,2,4.8,6.9,2018,2,7,2,0.0,0.0,0.0,0.0,1.0,0.0,0.0,High,0.0,Q2,3,0.5445069618548553,0.8507398510935333,0.580127737944653,-0.5760433674730233,0.150510227216537,0.28566831860297837,14.0,1.3410091554622827e-06
1039,61.0,2,0.0,Salaried,213127.0065682309,264039.8593412778,655.5945155509818,1,43,0.3928596515710989,2018-02-08,1,SMS,Savings,78,2,3,5.5,7.1,2018,2,8,3,0.0,0.0,1.0,0.0,1.0,0.0,0.0,Low,0.0,Q1,2,0.33135893708078895,0.626785171786234,0.7179474248335312,0.8529739113433709,-1.7542249042591609,1.2388850366401012,3.5833333333333335,1.8433123886874846e-06
1040,69.0,0,3.0,Self-Employed,616204.4019731971,214341.96835413476,804.324352827219,1,48,0.1699706401235502,2018-02-09,1,SMS,Current,90,7,1,5.2,7.5,2018,2,9,4,1.0,0.0,0.0,0.0,0.0,0.0,1.0,High,1.0,Q4,2,0.15697865458331176,0.41227495694445254,0.8547223030266802,0.21577589608975786,0.6614226490593129,0.34784231931445686,4.0,2.7583483593962277e-07
1041,43.32962962962963,0,2.0,Self-Employed,195196.95165459396,242628.7914250767,601.1150578213726,3,145,1.2811095296725532,2018-02-10,1,Phone,Savings,33,9,3,4.8,6.9,2018,2,10,5,0.0,0.0,0.0,0.0,1.0,0.0,0.0,Low,0.0,Q1,0,0.8246619604188336,1.1318610911558684,0.4383831582797987,0.580056797373446,-1.8418394671496896,1.2429947771644232,12.083333333333334,6.563163608925152e-06
1042,54.0,0,3.0,Unemployed,340312.19051658927,99695.34129653944,538.0382566710989,0,129,1.4736695408297622,2018-02-11,0,Phone,Savings,45,6,1,5.2,7.5,2018,2,11,6,1.0,0.0,0.0,1.0,0.0,0.0,0.0,Medium,0.0,Q1,0,0.9057026922231717,1.213947915204669,0.40425771651962944,-1.3203513758121816,-1.074517249628761,0.29295260080223184,10.75,4.330346023140552e-06
1045,38.0,1,1.0,Salaried,614793.3918403351,232130.04043931788,682.3167714184782,4,36,0.4387679824438635,2018-02-14,0,Phone,Current,30,1,3,6.1,8.2,2018,2,14,2,0.0,1.0,0.0,1.0,0.0,0.0,0.0,High,0.0,Q4,2,0.3637871796336156,0.6623956389076422,0.6950390974793721,0.4453716273011341,0.6518168376995864,0.3775740655644575,3.0,7.136836346442281e-07
1046,26.0,2,2.0,Unemployed,561041.1655506169,145151.1775134554,635.2397413701332,2,127,1.4448777657184797,2018-02-15,0,Email,Current,90,7,3,4.8,6.9,2018,2,15,3,0.0,0.0,0.0,0.0,1.0,0.0,0.0,High,0.0,Q3,0,0.8939951281059412,1.2020306841834278,0.40901840330088185,-0.697270425721205,0.2909169204466261,0.25871751740534255,10.583333333333334,2.5753507129917073e-06
1048,35.0,2,0.0,Unemployed,439089.2723025485,176680.8016805208,490.5296932733205,3,48,1.4320017345065652,2018-02-17,0,Phone,Current,26,1,2,4.8,6.9,2018,2,17,5,0.0,0.0,0.0,0.0,0.0,0.0,1.0,Medium,0.0,Q2,2,0.8887146773053789,1.196662748858911,0.41118391726924175,-0.2768275612943803,-0.48867407483474645,0.40238013731016703,4.0,3.2612997511810394e-06
1049,21.0,2,0.0,Self-Employed,519064.1613895439,67960.70319697907,701.3600106569717,0,74,1.4927470115523314,2018-02-18,0,Email,Current,48,8,3,6.1,8.2,2018,2,18,6,0.0,1.0,0.0,0.0,0.0,1.0,0.0,High,1.0,Q2,1,0.9133853198702975,1.2217802632029753,0.4011638547215671,-1.771999627835307,0.01617126842283884,0.1309292920841367,6.166666666666667,2.875842954667148e-06
1050,42.0,0,3.0,Self-Employed,535807.359309793,195966.171862281,596.7299160338089,0,154,1.0964119280444682,2018-02-19,0,Phone,Current,73,3,1,5.2,7.5,2018,2,19,0,1.0,0.0,0.0,0.0,1.0,0.0,0.0,High,0.0,Q2,3,0.7402272777047629,1.0470969048013026,0.4770054904871675,-0.023401503228763332,0.12498723198308682,0.365739978104663,12.833333333333334,2.046280083679375e-06
1051,31.0,1,1.0,Salaried,561041.1655506169,187461.56814219797,533.0083164289712,9,167,1.4736012245085506,2018-02-20,1,SMS,Savings,77,1,2,4.8,6.9,2018,2,20,1,0.0,0.0,0.0,0.0,0.0,1.0,0.0,High,0.0,Q3,3,0.9056750744417903,1.213919776800984,0.4042688813750396,-0.1348393094389678,0.2909169204466261,0.33413157474500016,13.916666666666666,2.6265474175363393e-06
1053,26.0,1,0.0,Self-Employed,498932.70583266736,32129.290208618593,647.2485094949363,8,22,0.4633584964465265,2018-02-22,1,Phone,Current,20,6,3,5.2,7.5,2018,2,22,3,1.0,0.0,0.0,0.0,0.0,0.0,1.0,High,0.0,Q2,2,0.3807341340204598,0.6807044119487742,0.6833595475259823,-2.3096531892592864,-0.11327356888657188,0.06439603945184975,1.8333333333333333,9.286993837640466e-07
1054,43.0,2,1.0,Salaried,368246.2348437287,218815.98630837607,827.2251596669744,6,30,0.7117942399318692,2018-02-23,0,SMS,Current,3,0,1,4.8,6.9,2018,2,23,4,0.0,0.0,0.0,0.0,0.0,1.0,0.0,Medium,1.0,Q1,2,0.5375420835408355,0.8436789910456874,0.5841823606321989,0.2736952959816189,-0.9134351204347423,0.5942110620662129,2.5,1.9329301227857242e-06
1055,19.0,1,0.0,Self-Employed,162088.55478434596,107554.5561515426,816.125921454787,1,156,0.9309853095303002,2018-02-24,0,SMS,Current,40,5,1,4.8,6.9,2018,2,24,5,0.0,0.0,0.0,0.0,0.0,0.0,0.0,Low,1.0,Q1,3,0.6580303957169209,0.9648758000542351,0.5178703302736382,-1.2108937478441675,-1.997224707098574,0.6635542916317612,13.0,5.743683203104307e-06
1056,37.0,1,3.0,Unemployed,697424.440025742,225537.8673756437,655.5945155509818,8,62,0.202314186837821,2018-02-25,1,Phone,Current,78,6,3,6.1,8.2,2018,2,25,6,0.0,1.0,0.0,0.0,1.0,0.0,0.0,Very High,0.0,Q4,1,0.18424818867777576,0.4497934935476735,0.8317293524000386,0.3604952957122634,1.2251713752460847,0.32338681358416266,5.166666666666667,2.9008760695331173e-07
1057,45.0,1,3.0,Self-Employed,429565.40328008187,229942.4044461845,589.778793963822,9,28,0.9712805704641444,2018-02-26,0,SMS,Current,44,5,2,4.8,6.9,2018,2,26,0,0.0,0.0,0.0,0.0,0.0,0.0,0.0,Medium,0.0,Q2,2,0.6786833673367603,0.9855356769108586,0.5072844601540138,0.41723193492688243,-0.5470626578465675,0.53529079085603,2.3333333333333335,2.2610772726286284e-06
1058,64.0,2,3.0,Unemployed,548504.0851225039,193052.41782958465,696.8774256075023,1,66,1.4736489714672123,2018-02-27,0,Email,Current,6,1,4,5.5,7.1,2018,2,27,1,0.0,0.0,1.0,0.0,0.0,1.0,0.0,High,0.0,Q3,1,0.9056943768650645,1.2139394430807544,0.4042610780812862,-0.061526063148140575,0.20819025933791896,0.3519616773436937,5.5,2.6866690904190525e-06
1059,24.0,2,0.0,Salaried,535969.0837456118,264583.44998488674,550.1614560811709,2,34,0.3661507096972186,2018-02-28,0,Email,Current,22,5,4,5.2,7.5,2018,2,28,2,1.0,0.0,0.0,0.0,0.0,0.0,0.0,High,0.0,Q2,2,0.3119970842701132,0.6051038833929415,0.7319836624918425,0.8598735209006684,0.12604333920927407,0.4936543132970456,2.8333333333333335,6.831563998773584e-07
1060,61.0,1,1.0,Self-Employed,433029.5455247773,100338.71527202408,680.1791899819466,9,40,1.209633162803737,2018-03-01,0,Phone,Current,52,8,3,6.1,8.2,2018,3,1,3,0.0,1.0,0.0,0.0,0.0,0.0,0.0,Medium,0.0,Q2,2,0.7928265120702825,1.0998332431799545,0.45256380870530116,-1.3113596215748293,-0.5258693644447187,0.23171332374197745,3.3333333333333335,2.7934194682670294e-06
1062,64.0,0,0.0,Unemployed,490547.06947419816,143353.6907044687,772.6933223884307,2,192,1.4211822299483092,2018-03-03,1,Email,Savings,71,7,1,5.5,7.1,2018,3,3,5,0.0,0.0,1.0,0.0,0.0,0.0,1.0,Medium,1.0,Q2,3,0.8842559456512462,1.1921334782432331,0.41302136932557504,-0.7214965321010568,-0.16673533763067583,0.29223228437206844,16.0,2.8971373358149492e-06
1064,31.0,0,0.0,Unemployed,419923.7279633364,178208.32236001527,629.6326249823035,8,41,0.8300434942100606,2018-03-05,0,SMS,Savings,48,0,2,5.2,7.5,2018,3,5,0,1.0,0.0,0.0,0.0,0.0,0.0,0.0,Medium,0.0,Q2,2,0.604339733898793,0.9110672281506237,0.546435100129492,-0.2566582531472064,-0.6057785903518103,0.4243825973453319,3.4166666666666665,1.976652994189773e-06
1065,34.0,1,1.0,Salaried,599947.524022422,32387.398185601167,562.2017413243439,8,199,1.4682310711881053,2018-03-06,0,SMS,Savings,69,1,3,6.1,8.2,2018,3,6,1,0.0,1.0,0.0,0.0,0.0,0.0,1.0,High,0.0,Q3,3,0.9035017285599731,1.2117058517594546,0.40514845294393,-2.305617777280739,0.551153178885535,0.05398371838999496,16.583333333333332,2.4472658230909418e-06
1066,53.0,0,2.0,Salaried,606519.0218741102,220333.91137969616,655.5945155509818,6,83,1.1602342899882143,2018-03-07,1,SMS,Savings,64,4,3,4.8,6.9,2018,3,7,2,0.0,0.0,0.0,0.0,0.0,0.0,0.0,High,0.0,Q3,1,0.7702166834010266,1.0771417223319382,0.4629127519337061,0.2933191625955447,0.595620558159657,0.3632761767287637,6.916666666666667,1.9129396575282247e-06
1067,67.0,2,2.0,Salaried,282443.81294764765,179259.96459358194,627.3521108098473,2,19,0.3263400107317467,2018-03-08,0,SMS,Current,69,1,2,6.1,8.2,2018,3,8,3,0.0,1.0,0.0,0.0,0.0,0.0,0.0,Low,0.0,Q1,2,0.28242327724383803,0.5712617707599089,0.7539544852064716,-0.24278238507513553,-1.395443808677734,0.6346747791101682,1.5833333333333333,1.1554156818872694e-06
1068,57.0,1,3.0,Salaried,685896.5014689539,298694.95371008286,686.7365506816178,3,63,0.7676601490551579,2018-03-09,0,SMS,Savings,37,5,1,5.2,7.5,2018,3,9,4,1.0,0.0,0.0,0.0,0.0,0.0,0.0,Very High,0.0,Q4,1,0.5696567223530773,0.8761621705227622,0.5657196042658516,1.2901516107535036,1.1438928435745277,0.43548108653474865,5.25,1.119206975704198e-06
1069,21.0,1,2.0,Unemployed,147426.614225792,251913.93684055965,741.358462623325,5,61,1.1056636455208055,2018-03-10,0,Email,Savings,3,4,2,5.5,7.1,2018,3,10,5,0.0,0.0,1.0,1.0,0.0,0.0,0.0,Low,1.0,Q1,1,0.7446306884781377,1.0515054186835204,0.47490965716543226,0.6986917040566937,-2.0631471479394117,1.7087412484067466,5.083333333333333,7.4997560740791386e-06
1070,19.0,1,2.0,Unemployed,728827.0405232836,88640.29302495919,569.6821049319656,4,157,0.4462764421467167,2018-03-11,0,Email,Current,17,2,3,6.1,8.2,2018,3,11,6,0.0,1.0,0.0,0.0,0.0,0.0,1.0,Very High,0.0,Q4,3,0.36899228260612643,0.6680392519505995,0.6914307464731252,-1.4757912837865221,1.4486166112776941,0.12162047796870597,13.083333333333334,6.123214663197717e-07
1072,59.0,0,0.0,Self-Employed,454750.9561982648,241653.15364273672,622.8876398957432,5,123,1.0332406706652668,2018-03-13,1,Email,Savings,11,9,3,6.1,8.2,2018,3,13,1,0.0,1.0,0.0,0.0,0.0,0.0,1.0,Medium,0.0,Q2,0,0.7096309096687625,1.0164844665144996,0.4918256920725498,0.5675653693503541,-0.39182861945783304,0.5313966916374762,10.25,2.272102249774685e-06
1073,21.0,1,2.0,Salaried,712913.73560534,267766.3207988028,647.8632705651564,2,23,0.3277796413319922,2018-03-14,0,Phone,Current,88,1,3,4.8,6.9,2018,3,14,2,0.0,0.0,0.0,0.0,1.0,0.0,0.0,Very High,0.0,Q4,2,0.2835081045539497,0.5725204287464267,0.7531370182757339,0.9002445173216089,1.3350159877545713,0.3755942793996535,1.9166666666666667,4.597746192302948e-07
1074,46.0,2,2.0,Unemployed,561041.1655506169,297800.07319095044,575.2788320852177,7,187,0.8911194374338587,2018-03-15,0,Email,Savings,14,0,4,6.1,8.2,2018,3,15,3,0.0,1.0,0.0,0.0,1.0,0.0,0.0,High,0.0,Q3,3,0.6371689486726844,0.9439912274136125,0.5287873310407845,1.2789283699721317,0.2909169204466261,0.5307989706935026,15.583333333333334,1.5883316450750925e-06
1076,43.32962962962963,1,2.0,Unemployed,623732.3919419864,192838.19118016757,738.404539636105,0,119,0.7984539303503186,2018-03-17,1,Phone,Current,34,2,2,5.2,7.5,2018,3,17,5,1.0,0.0,0.0,0.0,0.0,0.0,1.0,High,1.0,Q4,0,0.5869273682293035,0.8935624938135657,0.5560331477633187,-0.06433131913977354,0.7127828168626834,0.3091681523541967,9.916666666666666,1.2801225985143051e-06
1077,61.0,2,2.0,Self-Employed,757253.7226809203,229012.4497800935,723.6843897092433,8,62,0.1169443634865504,2018-03-18,0,Email,Current,17,1,2,5.2,7.5,2018,3,18,6,1.0,0.0,0.0,0.0,0.0,0.0,1.0,Very High,1.0,Q4,1,0.11059670997149368,0.34197129044197616,0.8952997415900756,0.40526184783576463,1.6534001159788358,0.30242499035767856,5.166666666666667,1.544322067807471e-07
1078,43.32962962962963,1,1.0,Self-Employed,712441.9701827423,303899.0803155037,621.8672442881787,2,161,0.112653856711009,2018-03-19,0,Email,Savings,62,8,4,5.2,7.5,2018,3,19,0,1.0,0.0,0.0,0.0,0.0,0.0,1.0,Very High,0.0,Q4,3,0.10674802366314742,0.3356394743039159,0.8987521087249791,1.3553540413114602,1.3316597169520161,0.4265597663169018,13.416666666666666,1.5812355451506196e-07
1079,27.0,1,3.0,Unemployed,409251.1382927117,175735.32304512413,656.6990717224872,0,88,0.5998410815580171,2018-03-20,0,SMS,Savings,1,4,3,6.1,8.2,2018,3,20,1,0.0,1.0,0.0,1.0,0.0,0.0,0.0,Medium,0.0,Q2,1,0.4699043002865385,0.7744940810348502,0.6250620836828009,-0.2893202673099529,-0.6703016156743814,0.4294070476584274,7.333333333333333,1.4657041250035286e-06
1080,53.0,2,3.0,Unemployed,626588.326758693,230378.0949552099,701.5939217704099,6,31,1.396671695804495,2018-03-21,0,SMS,Current,42,4,3,4.8,6.9,2018,3,21,2,0.0,0.0,0.0,0.0,1.0,0.0,0.0,High,1.0,Q4,2,0.8740809814511676,1.1818086544802822,0.41724529970064517,0.4228383561094863,0.7323165065105607,0.3676705822895603,2.5833333333333335,2.22901007912069e-06
1081,31.0,1,3.0,Unemployed,194689.6276604507,173849.53762562788,493.7454143113457,9,39,0.4201474914450522,2018-03-22,0,Email,Current,85,3,4,5.5,7.1,2018,3,22,3,0.0,0.0,1.0,0.0,0.0,0.0,1.0,Low,0.0,Q1,2,0.3507607334341692,0.6481878519727535,0.7041522137834172,-0.3142572808899102,-1.8442844785742014,0.8929573686834048,3.25,2.1580373669305705e-06
1082,48.0,2,3.0,Self-Employed,488419.01853244303,155924.1508427658,597.0947322653706,4,13,0.988109164420362,2018-03-23,0,Phone,Savings,4,9,1,5.5,7.1,2018,3,23,4,0.0,0.0,1.0,0.0,0.0,0.0,1.0,Medium,0.0,Q2,2,0.6871840184070538,0.9940368023470569,0.5029904885990264,-0.552683980281381,-0.18025907032991598,0.3192425866447062,1.0833333333333333,2.023076757717876e-06
1083,65.0,0,3.0,Unemployed,663696.9469277079,203870.80946286427,729.4264679621828,4,68,0.4109062189706488,2018-03-24,0,Phone,Savings,19,9,4,5.2,7.5,2018,3,24,5,1.0,0.0,0.0,1.0,0.0,0.0,0.0,High,1.0,Q4,1,0.3442322064312501,0.641019671282129,0.7087643293043017,0.07974533149458832,0.9885308351106317,0.307174547670581,5.666666666666667,6.19117235468323e-07
1085,25.0,0,0.0,Salaried,589327.9463034172,189526.72217842005,679.355793216663,8,21,1.2872589254420777,2018-03-26,0,Phone,Current,6,4,3,6.1,8.2,2018,3,26,0,0.0,1.0,0.0,0.0,0.0,0.0,1.0,High,0.0,Q3,2,0.8273541248289724,1.1345743366752474,0.4372045459639956,-0.10773387986980083,0.47960293052158365,0.3215980565103588,1.75,2.1842828488220523e-06
1086,31.0,2,2.0,Unemployed,457345.52480684174,117203.61083742938,514.3418195376595,6,128,1.1204060191779257,2018-03-27,0,Email,Savings,11,5,1,5.5,7.1,2018,3,27,1,0.0,0.0,1.0,0.0,0.0,1.0,0.0,Medium,0.0,Q2,0,0.7516075888267518,1.0584923330747018,0.47160779160007127,-1.0775833295575517,-0.37568694788813234,0.25626928543125005,10.666666666666666,2.4498020826838202e-06
1087,40.0,0,3.0,Self-Employed,561041.1655506169,184800.44902540965,696.6429982433526,7,168,0.2335589882384948,2018-03-28,0,SMS,Savings,12,6,4,5.2,7.5,2018,3,28,2,1.0,0.0,0.0,0.0,0.0,0.0,1.0,High,0.0,Q3,3,0.20990347768291825,0.48327941011230224,0.810662489215847,-0.16981057573800742,0.2909169204466261,0.32938839495679934,14.0,4.1629563493665457e-07
1088,57.0,0,2.0,Unemployed,483916.8452582015,235871.2234892689,646.4358517702516,8,43,0.700182829381007,2018-03-29,1,Email,Current,8,1,1,4.8,6.9,2018,3,29,3,0.0,0.0,0.0,0.0,0.0,0.0,1.0,Medium,0.0,Q2,2,0.5307357919741492,0.8367692808540518,0.5881720381590223,0.4934339557047103,-0.208811945610044,0.4874209811055783,3.5833333333333335,1.4469073276575304e-06
1089,38.0,2,2.0,Unemployed,406909.9635191893,152898.91710345633,488.486818409449,5,91,0.1408376691033702,2018-03-30,1,Phone,Savings,53,9,4,4.8,6.9,2018,3,30,4,0.0,0.0,0.0,1.0,0.0,0.0,0.0,Medium,0.0,Q1,1,0.13176279003402072,0.3752834516780219,0.8765488965541784,-0.5931833217197625,-0.6843885711366658,0.3757561397147894,7.583333333333333,3.4611506655016693e-07
1090,33.0,0,0.0,Salaried,677303.4825138109,200743.34020247305,766.4739354457172,4,107,0.7732462052442125,2018-03-31,1,Phone,Savings,84,2,1,5.2,7.5,2018,3,31,5,1.0,0.0,0.0,1.0,0.0,0.0,0.0,Very High,1.0,Q4,0,0.5728118810973252,0.8793441904306939,0.5639374820273643,0.03898354931660376,1.0835732106164937,0.29638610369669804,8.916666666666666,1.1416539634113653e-06
1091,62.0,0,3.0,Self-Employed,218968.015527108,211147.40748970117,576.5408423201951,5,136,1.0274076163814954,2018-04-01,1,Email,Current,76,5,1,5.2,7.5,2018,4,1,6,1.0,0.0,0.0,0.0,0.0,0.0,1.0,Low,0.0,Q1,0,0.7067579406827397,1.0136111761328874,0.49324072373013667,0.17434675316997347,-1.7251919055174556,0.964284244808171,11.333333333333334,4.692044241750474e-06
1092,35.0,2,1.0,Salaried,600206.668703469,236202.7913457068,568.9747562985619,1,84,0.2659036730374121,2018-04-02,1,Email,Current,54,9,3,5.5,7.1,2018,4,2,0,0.0,0.0,1.0,0.0,0.0,0.0,1.0,High,0.0,Q3,1,0.2357862331789988,0.5156584848884115,0.7899495208830525,0.4976898890245943,0.5529039745870079,0.3935357663651724,7.0,4.4302019104819597e-07
1093,64.0,0,0.0,Salaried,291503.0251545723,189313.61269558276,670.0569197230943,3,114,0.504438914472832,2018-04-03,0,Phone,Savings,86,6,4,5.5,7.1,2018,4,3,1,0.0,0.0,1.0,0.0,0.0,0.0,1.0,Low,0.0,Q1,0,0.408420014384543,0.7102386320616698,0.6646996367748227,-0.11052961127867077,-1.3464057060899617,0.6494396159188996,9.5,1.7304757444810337e-06
1095,43.0,0,2.0,Salaried,447794.5493506409,32129.290208618593,655.5945155509818,6,88,1.3873434345184696,2018-04-05,0,Phone,Savings,20,3,3,5.5,7.1,2018,4,5,3,0.0,0.0,1.0,0.0,0.0,0.0,1.0,Medium,0.0,Q2,1,0.8701812140574331,1.1778554387183808,0.41887563621599394,-2.3096531892592864,-0.43497000510870837,0.07175006988184683,7.333333333333333,3.098169543444185e-06
1097,43.32962962962963,2,0.0,Unemployed,561041.1655506169,130309.29887699866,692.8816500330573,4,102,0.1628758185938622,2018-04-07,1,Email,Current,38,9,3,4.8,6.9,2018,4,7,5,0.0,0.0,0.0,0.0,0.0,0.0,0.0,High,0.0,Q3,0,0.15089609104602375,0.4035787638043684,0.859937049176231,-0.8982356335665495,0.2909169204466261,0.23226334693125508,8.5,2.9030992482345324e-07
1098,58.0,0,0.0,Salaried,142152.3133495094,232271.2018683262,719.3105607263144,5,163,1.1654110928935488,2018-04-08,0,Phone,Current,61,0,1,5.2,7.5,2018,4,8,6,1.0,0.0,0.0,0.0,0.0,1.0,0.0,Low,1.0,Q1,3,0.7726102246734249,1.0795420755549776,0.4618060761218978,0.447186489979836,-2.0863931917375944,1.6339600559101828,13.583333333333334,8.198326607799596e-06
1099,46.0,0,1.0,Self-Employed,369883.0316886287,124922.56718353213,667.6441555277225,9,27,0.6204136929632805,2018-04-09,0,Phone,Current,74,6,3,5.5,7.1,2018,4,9,0,0.0,0.0,1.0,0.0,1.0,0.0,0.0,Medium,0.0,Q1,2,0.4826814826706552,0.78766343888953,0.6171263575113842,-0.9717243872965167,-0.9038793326775129,0.3377353284178043,2.25,1.677324018165697e-06
1100,32.0,0,3.0,Self-Employed,708709.1818573107,251541.4527607441,613.2972160916678,1,105,0.649441460721272,2018-04-10,0,SMS,Current,6,5,2,6.1,8.2,2018,4,10,1,0.0,1.0,0.0,0.0,0.0,1.0,0.0,Very High,0.0,Q4,0,0.5004367219517274,0.8058793090291324,0.6062658322913245,0.6939409787976952,1.3051271844644035,0.3549290163019063,8.75,9.163722967709885e-07
1101,62.0,1,1.0,Self-Employed,673553.0048341777,222125.53220759425,567.2409779351281,2,47,1.155970962685832,2018-04-11,1,Email,Savings,38,1,3,4.8,6.9,2018,4,11,2,0.0,0.0,0.0,0.0,0.0,0.0,0.0,Very High,0.0,Q4,2,0.7682411848140471,1.075160900835699,0.46382813929656797,0.3164641645972052,1.057318139434719,0.3297818146654686,3.9166666666666665,1.7162286477668096e-06
1102,18.0,1,0.0,Unemployed,556606.4410790433,147942.91701239283,658.6143883046375,2,96,1.3857970050035722,2018-04-12,0,SMS,Current,72,3,3,4.8,6.9,2018,4,12,3,0.0,0.0,0.0,0.0,1.0,0.0,0.0,High,0.0,Q3,1,0.8695332425222984,1.177198795872461,0.4191471436600713,-0.6597027850682482,0.26158998122950095,0.2657944754027443,8.0,2.4897250601646847e-06
1103,42.0,1,1.0,Salaried,230107.2857148953,285846.98763282504,542.7860988014393,8,97,1.4313000323035678,2018-04-13,0,Email,Current,70,1,3,6.1,8.2,2018,4,13,4,0.0,1.0,0.0,0.0,0.0,0.0,1.0,Low,0.0,Q1,1,0.8884261070123917,1.1963695216376786,0.41130258985458756,1.128692452404237,-1.6691796223248867,1.2422335379114926,8.083333333333334,6.2201421734944965e-06
1105,26.0,0,1.0,Self-Employed,642679.9180410891,243777.27504456032,693.6559804157667,7,17,0.5999696230207039,2018-04-15,0,Email,Savings,18,2,3,4.8,6.9,2018,4,15,6,0.0,0.0,0.0,0.0,0.0,0.0,1.0,High,0.0,Q4,2,0.4699846434534465,0.7745770607374736,0.6250118662328252,0.5947548541033101,0.8428757355545031,0.3793136648607319,1.4166666666666667,9.335434423553055e-07
1106,41.0,2,0.0,Salaried,509403.442624749,126627.21558431712,740.3934841086195,9,178,1.202568720202291,2018-04-16,1,Email,Current,96,6,1,4.8,6.9,2018,4,16,0,0.0,0.0,0.0,1.0,0.0,0.0,0.0,High,1.0,Q2,3,0.7896242793413616,1.0966169432405697,0.45401534618550143,-0.9484352888566996,-0.04613887510069194,0.2485794264205568,14.833333333333334,2.360739287520208e-06
1108,61.0,0,0.0,Self-Employed,363313.6419739754,360272.5813745684,549.0269295290062,5,78,0.8897036403669248,2018-04-18,1,Phone,Savings,52,5,4,4.8,6.9,2018,4,18,2,0.0,0.0,0.0,1.0,0.0,0.0,0.0,Medium,0.0,Q1,1,0.6364200127378484,0.943241029836449,0.5291835072116543,2.0549694570393466,-0.942154823886724,0.9916296547994065,6.5,2.4488583349993102e-06
1109,25.0,2,3.0,Salaried,398028.484500005,277037.2423291304,711.9154261005198,3,181,0.6020098461348223,2018-04-19,0,Phone,Current,26,2,3,5.2,7.5,2018,4,19,3,1.0,0.0,0.0,0.0,0.0,0.0,0.0,Medium,1.0,Q1,3,0.47125899477885447,0.7758929347112412,0.624215888817853,1.0175666697154424,-0.7376067910579507,0.6960236594050266,15.083333333333334,1.5124793063266676e-06
1111,28.0,2,1.0,Unemployed,683965.5020295327,164086.3337912163,652.0793707675408,7,73,0.4365584780509096,2018-04-21,0,Phone,Savings,52,1,2,6.1,8.2,2018,4,21,5,0.0,1.0,0.0,1.0,0.0,0.0,0.0,Very High,0.0,Q4,1,0.3622503073109692,0.6607257207426616,0.6961081050851321,-0.44379898352002795,1.1303180973422413,0.23990440059377627,6.083333333333333,6.382755807939267e-07
1112,68.0,0,1.0,Salaried,562772.3926940268,205399.8828700007,577.1997058770866,6,166,0.3682301240287561,2018-04-22,1,Phone,Savings,93,9,1,5.5,7.1,2018,4,22,6,0.0,0.0,1.0,0.0,1.0,0.0,0.0,High,0.0,Q3,3,0.3135180243723418,0.6068196799946061,0.7308712053901416,0.09965186122638241,0.30238451115522796,0.36497860509243985,13.833333333333334,6.543144774142445e-07
1113,34.0,1,0.0,Unemployed,163635.93497335416,215805.27921379055,631.710355889516,1,165,1.385534721345612,2018-04-23,0,SMS,Current,71,8,2,6.1,8.2,2018,4,23,0,0.0,1.0,0.0,0.0,0.0,1.0,0.0,Low,0.0,Q1,3,0.8694233010328916,1.1770873890011786,0.4191932278545619,0.23473258106914976,-1.9901593741202983,1.3188134944132623,13.75,8.467178811128663e-06
1114,25.0,1,1.0,Salaried,741401.0000058525,235938.2747935796,787.4876419148185,7,148,0.2425251561293516,2018-04-24,0,Email,Savings,2,1,4,6.1,8.2,2018,4,24,1,0.0,1.0,0.0,0.0,0.0,0.0,1.0,Very High,1.0,Q4,0,0.21714572516546343,0.4924684316068915,0.8048126792982985,0.494294659553076,1.538907932569066,0.31823301397181436,12.333333333333334,3.2711738469119563e-07
1116,43.32962962962963,2,0.0,Salaried,658731.5883960708,253472.6368753892,570.0807993349747,6,74,0.4091938961482124,2018-04-26,1,Email,Current,84,9,2,5.5,7.1,2018,4,26,3,0.0,0.0,1.0,0.0,0.0,0.0,1.0,High,0.0,Q4,1,0.3430178360451166,0.6396826526866368,0.7096255545339267,0.7185640905931978,0.9539924449893401,0.3847889509785973,6.166666666666667,6.211845664552819e-07
1117,50.0,1,2.0,Unemployed,561041.1655506169,112832.55213642778,601.7256477817967,3,116,0.1545019486559344,2018-04-27,0,SMS,Savings,18,3,2,5.5,7.1,2018,4,27,4,0.0,0.0,1.0,1.0,0.0,0.0,0.0,High,0.0,Q3,0,0.14366903768966707,0.3930673589296552,0.866174371696986,-1.1378330705668858,0.2909169204466261,0.20111278648455622,9.666666666666666,2.7538433566510776e-07
1118,22.0,1,0.0,Salaried,561041.1655506169,330490.06818254973,554.6671391741288,4,156,0.1504263456079969,2018-04-28,1,Phone,Current,88,4,1,5.2,7.5,2018,4,28,5,1.0,0.0,0.0,0.0,0.0,0.0,1.0,High,0.0,Q3,3,0.1401326089811053,0.38784835388073635,0.8692429583325502,1.6868288088395804,0.2909169204466261,0.5890656309652434,13.0,2.681199791469232e-07
1119,59.0,1,1.0,Self-Employed,298776.8213833008,138269.73420664974,662.2670315994795,7,146,0.3453104809481583,2018-04-29,0,Email,Current,44,5,4,4.8,6.9,2018,4,29,6,0.0,0.0,0.0,1.0,0.0,0.0,0.0,Low,0.0,Q1,0,0.2966248272678014,0.5876312457214629,0.7433228345141654,-0.7901814045399597,-1.306698721042384,0.46278601387643614,12.166666666666666,1.155747220783099e-06
1121,43.32962962962963,0,2.0,Unemployed,561041.1655506169,280411.4058622414,682.307927311603,0,171,0.4954702415678372,2018-05-01,0,Email,Savings,66,9,1,4.8,6.9,2018,5,1,1,0.0,0.0,0.0,0.0,0.0,1.0,0.0,High,0.0,Q3,3,0.4024407002391575,0.7038964707738186,0.6686859906698038,1.0601690272298296,0.2909169204466261,0.4998054030260687,14.25,8.831263586185746e-07
1122,43.32962962962963,2,0.0,Unemployed,561041.1655506169,179809.59652284402,624.7646497873712,3,181,1.430642838805414,2018-05-02,0,Phone,Current,36,9,1,5.2,7.5,2018,5,2,2,1.0,0.0,0.0,0.0,0.0,1.0,0.0,High,0.0,Q3,3,0.8881557650854794,1.1960948285171265,0.4114137972206024,-0.23553349241333715,0.2909169204466261,0.32049269744115,15.083333333333334,2.549978373514451e-06
1125,25.0,0,3.0,Unemployed,561041.1655506169,245152.2390314613,738.3109777147159,1,152,0.9121243685372364,2018-05-05,0,SMS,Current,94,9,4,5.5,7.1,2018,5,5,5,0.0,0.0,1.0,0.0,0.0,1.0,0.0,High,1.0,Q3,3,0.6482148588198763,0.955052023995152,0.5229785344794251,0.61234233870132,0.2909169204466261,0.4369594498308587,12.666666666666666,1.6257708427545766e-06
1126,43.32962962962963,0,1.0,Unemployed,334883.0313965078,228444.0503739482,642.2162802987198,2,60,0.8233777393167748,2018-05-06,1,SMS,Current,23,4,2,6.1,8.2,2018,5,6,6,0.0,1.0,0.0,0.0,0.0,1.0,0.0,Medium,0.0,Q1,1,0.6006906817562988,0.9074016416762617,0.5484327127821047,0.3979432163588888,-1.1053758316837277,0.6821607216743871,5.0,2.4587024785435607e-06
1129,65.0,0,3.0,Self-Employed,733420.5828767272,283753.61021200096,679.8752908365686,5,186,0.5942705482404234,2018-05-09,0,Phone,Savings,8,3,3,5.5,7.1,2018,5,9,2,0.0,0.0,1.0,0.0,0.0,0.0,1.0,Very High,0.0,Q4,3,0.46641629510018245,0.7708894526716676,0.6272461102061301,1.1023178061570758,1.4815481859750654,0.386890710237531,15.5,8.102725259079727e-07
1130,40.0,2,0.0,Self-Employed,824221.7115575431,245596.0244273106,655.5945155509818,4,121,1.351732023546551,2018-05-10,0,Phone,Savings,5,7,4,5.2,7.5,2018,5,10,3,1.0,0.0,0.0,0.0,0.0,1.0,0.0,Very High,0.0,Q4,0,0.8551520879782881,1.1626401092111656,0.4252185155398534,0.6180168118041727,2.144909561502876,0.2979732528074326,10.083333333333334,1.6400102115632994e-06
1131,41.0,1,0.0,Self-Employed,840302.4897227436,257717.30190280592,655.5945155509818,7,65,1.4250391184105675,2018-05-11,0,Phone,Current,54,6,3,5.2,7.5,2018,5,11,4,1.0,0.0,0.0,1.0,0.0,0.0,0.0,Very High,0.0,Q4,1,0.8858476555626652,1.1937500234180385,0.4123644820440775,0.7726195956605414,2.264769851384748,0.30669586851734704,5.416666666666667,1.6958644486234437e-06
1132,54.0,0,1.0,Self-Employed,514792.5928147136,250831.75457719175,764.8445709196754,1,188,1.3495815184810642,2018-05-12,0,Email,Savings,29,4,2,5.5,7.1,2018,5,12,5,0.0,0.0,1.0,1.0,0.0,0.0,0.0,High,1.0,Q2,3,0.8542372350563325,1.1617149041314156,0.42560770594010755,0.6848874367067939,-0.011423049984404826,0.48724818126408476,15.666666666666666,2.621602442067016e-06
1134,61.0,0,0.0,Unemployed,380215.1206881328,179088.00600359018,506.1722021682633,7,154,1.1925117042096345,2018-05-14,0,Phone,Savings,76,5,2,6.1,8.2,2018,5,14,0,0.0,1.0,0.0,0.0,0.0,0.0,0.0,Medium,0.0,Q1,3,0.7850477835439704,1.0920218423683816,0.45609790729052646,-0.24505073556628149,-0.843267736543592,0.47101757994123833,12.833333333333334,3.136413149617421e-06
1135,57.0,1,3.0,Self-Employed,611075.3633613816,209639.99670314408,741.9228934575203,5,195,0.7668700266215382,2018-05-15,0,Phone,Savings,28,9,2,5.2,7.5,2018,5,15,1,1.0,0.0,0.0,0.0,0.0,0.0,1.0,High,1.0,Q4,3,0.5692096346738047,0.8757111547888027,0.5659725870793771,0.15477614339060403,0.6265371473343853,0.34306733550828145,16.25,1.2549516354303125e-06
1136,39.0,0,0.0,Self-Employed,375425.9007153433,117706.05334967328,583.1855914461006,0,166,0.796555793004543,2018-05-16,0,Phone,Savings,86,5,2,6.1,8.2,2018,5,16,2,0.0,1.0,0.0,0.0,0.0,0.0,0.0,Medium,0.0,Q1,3,0.5858713835904696,0.8924997439800995,0.5566206203524631,-1.070672188683795,-0.8714253105644041,0.3135267255812506,13.833333333333334,2.121739047537134e-06
1137,44.0,0,2.0,Unemployed,400806.1907347059,97758.19332508992,837.3297776217546,3,170,0.3865521526801975,2018-05-17,1,Phone,Savings,7,8,3,6.1,8.2,2018,5,17,3,0.0,1.0,0.0,0.0,1.0,0.0,0.0,Medium,1.0,Q1,3,0.3268201999931838,0.6217331844772301,0.7212134055448298,-1.3474597388001937,-0.7210006052354414,0.24390390065056702,14.166666666666666,9.644365821087251e-07
1138,52.0,0,0.0,Self-Employed,466377.02087494126,68500.74275295538,655.5945155509818,0,69,0.927582424561923,2018-05-18,1,Phone,Current,88,7,4,5.5,7.1,2018,5,18,4,0.0,0.0,1.0,1.0,0.0,0.0,0.0,Medium,0.0,Q2,1,0.6562665879596984,0.9631108059625969,0.518784560005141,-1.7641604952596852,-0.3192849760541158,0.14687846889292563,5.75,1.9889110806140117e-06
1139,18.0,0,3.0,Salaried,425320.1463246861,129186.9200800122,605.2678104341248,1,129,0.3605902568546871,2018-05-19,0,SMS,Current,60,0,1,5.2,7.5,2018,5,19,5,1.0,0.0,0.0,0.0,1.0,0.0,0.0,Medium,0.0,Q2,0,0.30791861798497655,0.6004916792551643,0.7349751293322699,-0.9135224982892173,-0.5729647738448356,0.3037404204723279,10.75,8.478090209707943e-07
1140,52.0,1,2.0,Self-Employed,265285.95859757497,324204.9452391714,778.1016361735112,4,192,0.5641905786940713,2018-05-20,0,Email,Current,15,6,4,5.5,7.1,2018,5,20,6,0.0,0.0,1.0,0.0,0.0,1.0,0.0,Low,1.0,Q1,3,0.44736848808455476,0.7511262069013911,0.6393082873794643,1.608727105597614,-1.4870225809361493,1.222096137138466,16.0,2.1267261248075292e-06
1141,54.0,0,2.0,Self-Employed,561041.1655506169,75781.834574717,656.7855510527403,7,147,1.2970422822679093,2018-05-21,0,Email,Savings,5,5,1,5.2,7.5,2018,5,21,0,1.0,0.0,0.0,0.0,0.0,1.0,0.0,High,0.0,Q3,0,0.8316223311422056,1.1388776414821344,0.4353424435063872,-1.6590466111542594,0.2909169204466261,0.13507357254318977,12.25,2.3118486876002517e-06
1142,64.0,0,2.0,Salaried,709706.18770152,175717.12115382418,735.277367512222,7,184,0.3899061328951972,2018-05-22,0,SMS,Current,52,7,3,5.2,7.5,2018,5,22,1,1.0,0.0,0.0,0.0,0.0,0.0,0.0,Very High,1.0,Q4,3,0.3292362145711026,0.6244246414862222,0.719473046656024,-0.28956083600987464,1.3122097684510414,0.24759136132504067,15.333333333333334,5.493909164832861e-07
1143,31.0,2,3.0,Salaried,568723.7179070434,96548.37410830735,698.4732817294475,2,32,0.1996215992428059,2018-05-23,0,Email,Savings,53,5,3,4.8,6.9,2018,5,23,2,0.0,0.0,0.0,0.0,0.0,0.0,1.0,High,0.0,Q3,2,0.18200617310141742,0.44679033029241566,0.8335961945260023,-1.3644168571002426,0.34188662451366836,0.16976322785273387,2.6666666666666665,3.509992514070489e-07
1144,20.0,0,1.0,Unemployed,424689.4697955469,151922.0829597311,565.3643345009126,3,158,0.1966106296579428,2018-05-24,0,Phone,Current,15,4,4,5.2,7.5,2018,5,24,3,1.0,0.0,0.0,0.0,1.0,0.0,0.0,Medium,0.0,Q2,3,0.17949308515174045,0.44340797202795396,0.8356937296185101,-0.60627726998835,-0.576806195651045,0.3577250997837764,13.166666666666666,4.6295150607947653e-07
1145,18.0,2,1.0,Unemployed,358957.8527340437,213575.5033881616,585.6450167682538,9,22,1.417098328704351,2018-05-25,0,Phone,Current,7,7,4,5.5,7.1,2018,5,25,4,0.0,0.0,1.0,0.0,0.0,0.0,1.0,Medium,0.0,Q1,2,0.882567783022254,1.1904193919389716,0.4137192054309329,0.20584149379888048,-0.9674189622350939,0.5949876893942819,1.8333333333333333,3.947812585546907e-06
1146,22.0,1,1.0,Salaried,359275.98741471075,143990.73014359933,752.9960817581161,5,110,0.8096886131465684,2018-05-26,0,SMS,Savings,15,7,2,6.1,8.2,2018,5,26,5,0.0,1.0,0.0,0.0,0.0,0.0,0.0,Medium,1.0,Q1,0,0.5931547935420858,0.8998269906746342,0.5525812522306063,-0.7129072386686987,-0.9655768428291395,0.40078027808018085,9.166666666666666,2.253667491036489e-06
1148,31.0,1,2.0,Unemployed,687567.6603133288,322718.24966796534,609.6351536758003,2,33,1.2352300134110858,2018-05-28,1,SMS,Current,26,8,3,4.8,6.9,2018,5,28,0,0.0,0.0,0.0,0.0,0.0,0.0,1.0,Very High,0.0,Q4,2,0.8043441370481119,1.1114090216527333,0.4473812511464733,1.5902309230954765,1.1556502072373152,0.46936217087479165,2.75,1.7965213966697966e-06
1149,56.0,1,1.0,Self-Employed,331977.9842833324,32129.290208618593,554.4877420650647,1,117,1.2701562990747224,2018-05-29,1,Email,Savings,23,9,2,5.5,7.1,2018,5,29,1,0.0,0.0,1.0,0.0,0.0,0.0,1.0,Medium,0.0,Q1,0,0.8198486833409078,1.1270121113256601,0.4404983041949945,-2.3096531892592864,-1.121826243090887,0.09678138831398315,9.75,3.8260256981098036e-06
1150,44.0,2,3.0,Salaried,532939.5654874281,145360.6135719102,692.3599065593461,5,20,0.5650674463618465,2018-05-30,0,Email,Savings,91,5,4,5.2,7.5,2018,5,30,2,1.0,0.0,0.0,0.0,0.0,1.0,0.0,High,0.0,Q2,2,0.4479289197803145,0.7517096822323406,0.6389500991312538,-0.6944496361994995,0.1062756346866032,0.27275252765097846,1.6666666666666667,1.0602842854143023e-06
1151,26.0,0,1.0,Unemployed,427492.9949801276,204731.3697817938,850.7570762502029,4,26,1.0710652804633134,2018-05-31,1,SMS,Current,77,3,4,5.5,7.1,2018,5,31,3,0.0,0.0,1.0,0.0,1.0,0.0,0.0,Medium,1.0,Q2,2,0.7280631031447242,1.0349228379272115,0.4828433026390613,0.09095051123587988,-0.5597169562803015,0.47891163641479295,2.1666666666666665,2.505456915178465e-06
1152,32.0,1,0.0,Self-Employed,616760.0752312582,290089.36208123044,543.2467085745727,9,184,1.1795719421926412,2018-06-01,1,SMS,Savings,16,5,1,4.8,6.9,2018,6,1,4,0.0,0.0,0.0,0.0,0.0,1.0,0.0,High,0.0,Q4,3,0.7791285007281122,1.0860810016719016,0.45880568594308646,1.1820839743969997,0.6652073513001792,0.47034393718247663,15.333333333333334,1.912529668445794e-06
1153,32.0,0,1.0,Salaried,561041.1655506169,163660.457987739,652.4219456672758,4,34,1.0165109616123362,2018-06-02,0,Phone,Savings,68,5,3,4.8,6.9,2018,6,2,5,0.0,0.0,0.0,0.0,0.0,0.0,1.0,High,0.0,Q3,2,0.7013687712760133,1.0082216827723633,0.4959060570642436,-0.44946674261546843,0.2909169204466261,0.29170846639590053,2.8333333333333335,1.8118295483981326e-06
1155,59.0,2,2.0,Unemployed,329888.7082675609,107460.4619958441,642.0358608754285,4,30,1.3262363169238798,2018-06-04,0,Phone,Savings,97,7,1,5.2,7.5,2018,6,4,0,1.0,0.0,0.0,0.0,1.0,0.0,0.0,Medium,0.0,Q1,2,0.8442516469253767,1.1516233398658955,0.42987893909349645,-1.212199422456215,-1.1336305014838401,0.3257476212513669,2.5,4.020253751299111e-06
1156,30.0,2,3.0,Salaried,520947.0597276261,77376.33181901235,655.5945155509818,9,93,0.8547323738304121,2018-06-05,1,Email,Current,69,5,4,6.1,8.2,2018,6,5,1,0.0,1.0,0.0,0.0,0.0,1.0,0.0,High,0.0,Q2,1,0.6177404127833648,0.9245173734605597,0.5391613443047796,-1.636164369173558,0.028356499407842694,0.14853012484506214,7.75,1.6407278971442964e-06
1157,68.0,1,2.0,Self-Employed,561041.1655506169,315630.7751666347,543.760647185312,4,149,0.4954613969180051,2018-06-06,1,Phone,Current,54,5,3,4.8,6.9,2018,6,6,2,0.0,0.0,0.0,0.0,0.0,0.0,1.0,High,0.0,Q3,3,0.4024347859282329,0.7038901881103367,0.6686899454983586,1.5019378190457646,0.2909169204466261,0.5625804210941784,12.416666666666666,8.831105939111428e-07
1159,56.0,0,2.0,Self-Employed,676820.1673118359,371125.82313849556,631.2855734995451,6,51,0.1525995265584703,2018-06-08,0,Phone,Current,77,8,1,5.2,7.5,2018,6,8,4,1.0,0.0,0.0,0.0,0.0,0.0,1.0,Very High,0.0,Q4,2,0.14201984926073177,0.390639893710909,0.8676040350162949,2.188364156589783,1.080187324347109,0.5483374182133439,4.25,2.2546539528300153e-07
1160,66.0,0,2.0,Unemployed,309863.2417189346,258012.1119505393,748.5729995679862,5,154,0.2790135217113846,2018-06-09,0,SMS,Current,58,8,3,6.1,8.2,2018,6,9,5,0.0,1.0,0.0,1.0,0.0,0.0,0.0,Low,1.0,Q1,3,0.246089094637291,0.5282173053880236,0.7818525629517579,0.7763706875752802,-1.2456198747443878,0.8326644700392455,12.833333333333334,9.004408530795252e-07
1164,47.0,2,2.0,Salaried,287834.64083318075,231366.7623760696,682.5796316582166,0,37,0.8315142535198238,2018-06-13,0,Email,Current,51,7,3,5.2,7.5,2018,6,13,2,1.0,0.0,0.0,0.0,1.0,0.0,0.0,Low,0.0,Q1,2,0.6051430856360553,0.9118740338006253,0.5459962968228007,0.4355565339606157,-1.3663189031906489,0.8038183371756215,3.0833333333333335,2.888860948469859e-06
1166,40.0,2,0.0,Self-Employed,325955.3515712977,244245.8621152384,614.6833707189312,0,108,1.462309428161266,2018-06-15,1,Phone,Savings,5,6,2,6.1,8.2,2018,6,15,4,0.0,1.0,0.0,0.0,0.0,0.0,0.0,Medium,0.0,Q1,0,0.9010997014901977,1.2092598679197397,0.40612280023098146,0.6007497620596773,-1.1557927159319572,0.7493230620016784,9.0,4.486226169050667e-06
1167,56.0,0,1.0,Unemployed,741125.6155905675,197305.07784730272,683.8483843461692,5,56,0.4165754637495407,2018-06-16,1,Email,Savings,54,3,1,4.8,6.9,2018,6,16,5,0.0,0.0,0.0,0.0,1.0,0.0,0.0,Very High,0.0,Q4,1,0.3482423136660933,0.6454265750258047,0.7059277995350103,-0.005901678257943821,1.5369254868483955,0.2662235303931301,4.666666666666667,5.62084827438587e-07
1168,62.0,1,1.0,Self-Employed,568627.0102033748,123972.14535186124,655.5945155509818,3,155,0.5258782074907932,2018-06-17,0,SMS,Current,12,9,2,5.5,7.1,2018,6,17,6,0.0,0.0,1.0,0.0,1.0,0.0,0.0,High,0.0,Q3,3,0.4225701180721648,0.7251746048303078,0.6553603001149316,-0.9847228125399334,0.3412437273663089,0.21802014875712894,12.916666666666666,9.248210128159545e-07
1169,32.0,0,1.0,Unemployed,764774.9607574426,130354.1906990595,666.8460976269614,4,114,0.5255195171570383,2018-06-18,0,Phone,Current,95,1,1,4.8,6.9,2018,6,18,0,0.0,0.0,0.0,1.0,0.0,0.0,0.0,Very High,0.0,Q4,0,0.4223350190337735,0.7249272495616634,0.6555143928041002,-0.8976244764499742,1.7079736256159883,0.17044777534289968,9.5,6.871557570825243e-07
1171,46.0,0,2.0,Salaried,172120.74646718876,277672.0585547448,549.3457434720359,8,22,0.1020633509208359,2018-06-20,0,Email,Savings,76,0,3,4.8,6.9,2018,6,20,2,0.0,0.0,0.0,0.0,0.0,0.0,1.0,Low,0.0,Q1,2,0.09718419630238463,0.31947355277211276,0.9073888530676968,1.025585800224473,-1.9510639162947614,1.6132399158963513,1.8333333333333333,5.929752979562645e-07
1172,53.0,2,2.0,Unemployed,592509.7105295081,150604.27100327215,655.5945155509818,0,150,1.121082711723195,2018-06-21,0,Phone,Current,67,9,2,5.5,7.1,2018,6,21,3,0.0,0.0,1.0,1.0,0.0,0.0,0.0,High,0.0,Q3,3,0.751926671391362,1.0588119340672333,0.4714573337819472,-0.6239550834043514,0.5010000071553771,0.2541802578538023,12.5,1.8920917105667638e-06
1173,30.0,2,3.0,Self-Employed,548004.5475370092,47031.74711321117,781.7115067339865,1,109,1.4535836997189997,2018-06-22,0,Email,Savings,53,3,1,6.1,8.2,2018,6,22,4,0.0,1.0,0.0,0.0,0.0,0.0,0.0,High,1.0,Q3,0,0.8975496903816701,1.205646589892328,0.4075671028115024,-2.0811869614204346,0.20490569997027633,0.085823643844917,9.083333333333334,2.65250298788959e-06
1174,49.0,1,0.0,Unemployed,561110.8640754517,231747.0932679044,655.5945155509818,5,40,0.4140108765990631,2018-06-23,0,Phone,Savings,35,5,1,5.5,7.1,2018,6,23,5,0.0,0.0,1.0,0.0,0.0,1.0,0.0,High,0.0,Q3,2,0.34643025952334244,0.6434367696977404,0.7072081386001572,0.44044765956874504,0.2913783960108135,0.4130148035001185,3.3333333333333335,7.378414910594062e-07
1175,24.0,1,2.0,Unemployed,686599.3285301137,321161.4050071665,476.3668910048285,4,139,1.0282660685247913,2018-06-24,0,Phone,Savings,98,2,2,5.5,7.1,2018,6,24,6,0.0,0.0,1.0,0.0,0.0,1.0,0.0,Very High,0.0,Q4,0,0.7071812746207293,1.0140345499660213,0.49303196238318225,1.5708529513576133,1.1488365046961047,0.4677566546630851,11.583333333333334,1.4976217217196017e-06
1176,68.0,1,0.0,Unemployed,584336.984782452,261846.65513420216,589.2178012905567,6,25,1.138654857742201,2018-06-25,0,Email,Current,4,9,2,5.5,7.1,2018,6,25,0,0.0,0.0,1.0,0.0,0.0,1.0,0.0,High,0.0,Q3,2,0.7601770602515894,1.0670777186982217,0.46758362920499935,0.8251219899466372,0.4461090774840313,0.44810898839765784,2.0833333333333335,1.9486270549281096e-06
1177,39.0,0,3.0,Salaried,581123.5186280757,151734.114782263,655.5945155509818,2,146,1.2877955307267346,2018-06-26,0,Email,Savings,45,4,2,6.1,8.2,2018,6,26,1,0.0,1.0,0.0,1.0,0.0,0.0,0.0,High,0.0,Q3,0,0.8275887035830654,1.1348107907165559,0.4371019990944483,-0.6087978404034619,0.4245892141561552,0.2611047564216278,12.166666666666666,2.2160444198971327e-06
1178,45.0,0,1.0,Unemployed,643001.4027602281,73055.06275239287,647.7131937701118,2,82,0.6916808758190527,2018-06-27,1,Phone,Savings,28,9,2,5.5,7.1,2018,6,27,2,0.0,0.0,1.0,1.0,0.0,0.0,0.0,High,0.0,Q4,1,0.5257226357234132,0.8316735392081755,0.5911280397467608,-1.698289166059698,0.8450930901128959,0.1136157128721455,6.833333333333333,1.075706635864023e-06
1179,19.0,1,2.0,Salaried,561041.1655506169,189258.55173139917,550.069776770509,9,175,0.5241032678966009,2018-06-28,1,Phone,Current,76,1,3,5.5,7.1,2018,6,28,3,0.0,0.0,1.0,0.0,1.0,0.0,0.0,High,0.0,Q3,3,0.4214062160557842,0.723949768904308,0.656123519359741,-0.1112519933515642,0.2909169204466261,0.3373345190199316,14.583333333333334,9.341618763076601e-07
1180,59.0,2,0.0,Salaried,671489.1863434812,187262.0897522632,655.5945155509818,1,63,0.5554131876322436,2018-06-29,0,Email,Current,1,1,4,5.5,7.1,2018,6,29,4,0.0,0.0,1.0,0.0,0.0,1.0,0.0,Very High,0.0,Q4,1,0.44174122585420894,0.7452604830743702,0.6429159839658222,-0.13745905315820378,1.0428891669596652,0.27887580851745036,5.25,8.271364586772925e-07
1181,62.0,0,0.0,Salaried,701704.1649557163,122464.03117489872,734.0620026504553,2,193,1.097669866337918,2018-06-30,0,SMS,Current,90,5,1,5.2,7.5,2018,6,30,5,1.0,0.0,0.0,0.0,0.0,0.0,0.0,Very High,1.0,Q4,3,0.7408271412233313,1.047697411630819,0.4767194381000408,-1.0053688171892952,1.255449116759276,0.17452373420446674,16.083333333333332,1.564291507956477e-06
1182,23.0,0,2.0,Self-Employed,806337.760248183,244082.984179403,704.6733568201379,9,109,1.2434912531078903,2018-07-01,0,Email,Current,91,3,3,5.5,7.1,2018,7,1,6,0.0,0.0,1.0,0.0,0.0,0.0,0.0,Very High,1.0,Q4,0,0.808033247655581,1.1151193896206317,0.4457338528129798,0.5986660988955147,2.012432260710762,0.3027056355444356,9.083333333333334,1.5421468699731433e-06
1183,45.0,0,1.0,Salaried,370161.73501926416,347730.1200664378,655.5945155509818,0,118,0.3542595548592437,2018-07-02,0,SMS,Current,42,7,4,6.1,8.2,2018,7,2,0,0.0,1.0,0.0,0.0,0.0,1.0,0.0,Medium,0.0,Q1,0,0.30325485099285615,0.595197072287191,0.7384108876410593,1.9003151790806954,-0.9022509664108969,0.9394005029945655,9.833333333333334,9.570399134875655e-07
1184,45.0,1,1.0,Salaried,596112.4214821495,217782.6173966627,613.3175588185312,4,96,0.6193174114208713,2018-07-03,0,Phone,Savings,90,3,1,5.5,7.1,2018,7,3,1,0.0,0.0,1.0,0.0,0.0,1.0,0.0,High,0.0,Q3,1,0.48200470947625695,0.7869672238542539,0.6175441534483034,0.2603280979699294,0.5252696114080065,0.3653381636557362,8.0,1.0389272041690154e-06
1185,43.32962962962963,1,1.0,Self-Employed,425935.3262805407,212838.0965599077,655.5945155509818,4,182,1.36271627544881,2018-07-04,1,Email,Current,38,0,1,5.5,7.1,2018,7,4,2,0.0,0.0,1.0,0.0,0.0,1.0,0.0,Medium,0.0,Q2,3,0.8598119213592754,1.1673543915404654,0.42324167755184433,0.19628038803498019,-0.5692160918517295,0.4996958069162891,15.166666666666666,3.199350209687144e-06
1186,61.0,1,3.0,Salaried,561041.1655506169,125021.7560932942,557.7589815501498,6,171,1.229370927572635,2018-07-05,0,SMS,Current,4,0,1,6.1,8.2,2018,7,5,3,0.0,1.0,0.0,1.0,0.0,0.0,0.0,High,0.0,Q3,3,0.8017194504167674,1.108770006616627,0.44855702908479733,-0.970368398169216,0.2909169204466261,0.22283882853871403,14.25,2.191231237668819e-06
1187,37.0,1,0.0,Unemployed,362091.9357839268,311793.1762448298,811.5375689469442,3,146,1.4788017638674662,2018-07-06,0,Email,Savings,73,3,1,5.5,7.1,2018,7,6,4,0.0,0.0,1.0,1.0,0.0,0.0,0.0,Medium,1.0,Q1,0,0.9077752836867572,1.216059934323743,0.40342072309960925,1.4540486595167532,-0.9492501088678484,0.8610884292957243,12.166666666666666,4.08405053447509e-06
1188,47.0,1,0.0,Unemployed,598991.1035123051,193988.46665519863,617.767953078866,2,17,1.155947563554913,2018-07-07,0,SMS,Savings,2,8,3,6.1,8.2,2018,7,7,5,0.0,1.0,0.0,1.0,0.0,0.0,0.0,High,0.0,Q3,2,0.7682303315797956,1.0751500190926442,0.4638331733593341,-0.04927230123944583,0.5446935163795368,0.3238586775625016,1.4166666666666667,1.9298242607891527e-06
1189,28.0,2,0.0,Salaried,583650.5109572001,153682.93958446634,771.7158520825496,0,16,0.6504732814390911,2018-07-08,0,Email,Current,95,2,2,5.5,7.1,2018,7,8,6,0.0,0.0,1.0,0.0,0.0,0.0,1.0,High,1.0,Q3,2,0.501062084018367,0.806519238108485,0.6058868151613298,-0.5826799110206697,0.44150892251090007,0.2633132957125709,1.3333333333333333,1.1144910682461328e-06
1190,45.0,2,3.0,Self-Employed,580082.4058476874,205095.07149212927,802.1316051922452,7,45,0.9268929675924928,2018-07-09,0,SMS,Savings,40,6,3,6.1,8.2,2018,7,9,0,0.0,1.0,0.0,0.0,0.0,0.0,0.0,High,1.0,Q3,2,0.6559088443465538,0.9627528071070439,0.5189701850691917,0.09568479247003701,0.4176247695662737,0.35356195848143207,3.75,1.5978643003971194e-06
1191,43.32962962962963,1,0.0,Unemployed,454857.2704861334,237756.90665972876,749.8310898147961,2,27,1.0254199559462485,2018-07-10,0,SMS,Savings,98,7,2,5.5,7.1,2018,7,10,1,0.0,0.0,1.0,0.0,0.0,0.0,0.0,Medium,1.0,Q2,2,0.705777064709539,1.012630216785105,0.4937247690604557,0.5176303008948115,-0.39116774543888766,0.5227066204869576,2.25,2.254377411292822e-06
1192,56.0,0,3.0,Self-Employed,500682.9502356821,211137.23269159225,606.8379687281952,1,12,0.2098381428439735,2018-07-11,0,SMS,Current,49,9,1,5.5,7.1,2018,7,11,2,0.0,0.0,1.0,0.0,1.0,0.0,0.0,High,0.0,Q2,2,0.19048658441649768,0.4580809348182628,0.8265568463970678,0.1742147009955221,-0.10208081984066357,0.4216984672479969,1.0,4.1910383156685934e-07
1193,43.32962962962963,1,1.0,Unemployed,663550.5391752099,296492.2716536473,690.373009033661,3,37,0.8622957427454111,2018-07-12,0,Phone,Current,57,0,4,5.2,7.5,2018,7,12,3,1.0,0.0,0.0,1.0,0.0,0.0,0.0,High,0.0,Q4,2,0.6218099969329557,0.9285988061296498,0.5369716404580253,1.262520419804536,0.9875113277878296,0.44682696215149753,3.0833333333333335,1.2995178088729164e-06
1194,18.0,2,2.0,Unemployed,202121.38807013875,230717.72420374895,647.5804393609084,2,79,1.0930491598616534,2018-07-13,0,SMS,Savings,15,9,3,5.2,7.5,2018,7,13,4,1.0,0.0,0.0,0.0,0.0,0.0,1.0,Low,0.0,Q1,1,0.7386219309384614,1.0454899138019713,0.4777718646924175,0.42720794186559635,-1.8082781565021973,1.141481000138822,6.583333333333333,5.407884688988734e-06
1195,44.0,2,0.0,Self-Employed,504928.41968571686,177284.6551293972,655.5945155509818,0,181,0.3342498256014845,2018-07-14,0,SMS,Current,80,7,4,5.5,7.1,2018,7,14,5,0.0,0.0,1.0,0.0,0.0,0.0,1.0,High,0.0,Q2,3,0.2883692055228844,0.5781434299561696,0.749484827213072,-0.26885225257218837,-0.07488239147216585,0.35110849026827345,15.083333333333334,6.61974673181462e-07
1196,69.0,0,0.0,Unemployed,517991.229625358,232095.3773061512,682.4359281721603,2,158,1.19288440439578,2018-07-15,0,Phone,Current,30,3,4,5.5,7.1,2018,7,15,6,0.0,0.0,1.0,0.0,0.0,0.0,0.0,High,0.0,Q2,3,0.7852177568726335,1.0921924758923127,0.4560203893992016,0.44492595890510095,0.009233693571460595,0.44806816029301566,13.166666666666666,2.302904636548663e-06
1197,30.0,2,1.0,Unemployed,650660.8538155298,239970.96809007655,532.0960208840197,1,37,0.9172818927197562,2018-07-16,1,SMS,Current,86,7,4,4.8,6.9,2018,7,16,0,0.0,0.0,0.0,1.0,0.0,0.0,0.0,High,0.0,Q4,2,0.6509085021416411,0.9577483451929093,0.52157171243163,0.546016012230788,0.8980203413261098,0.3688111351449325,3.0833333333333335,1.4097696016914777e-06
1198,58.0,1,2.0,Unemployed,229950.31761143496,96289.92645889265,768.7679388461563,7,63,1.4331104999766324,2018-07-17,0,Phone,Savings,49,0,3,6.1,8.2,2018,7,17,1,0.0,1.0,0.0,0.0,1.0,0.0,0.0,Low,1.0,Q1,1,0.8891704799408883,1.1971259332153124,0.4109965412625542,-1.3680420435733986,-1.669974681927883,0.4187423068560456,5.25,6.232261450485453e-06
1199,20.0,0,3.0,Salaried,799026.7491034823,291953.5782610972,603.5382702701606,5,191,0.1593912174896483,2018-07-18,0,SMS,Savings,56,5,3,4.8,6.9,2018,7,18,2,0.0,0.0,0.0,1.0,0.0,0.0,0.0,Very High,0.0,Q4,3,0.14789505484706295,0.3992382966220153,0.862521627656653,1.2055211489773106,1.9585277421238507,0.36538648873604374,15.916666666666666,1.9948170404618765e-07
1200,56.0,1,2.0,Unemployed,542726.084885702,175927.67845109128,670.1159655872839,8,74,0.4714565925776537,2018-07-19,0,SMS,Current,31,8,2,5.2,7.5,2018,7,19,3,1.0,0.0,0.0,0.0,0.0,1.0,0.0,High,0.0,Q3,1,0.386252789498328,0.6866269675578245,0.6795987085478545,-0.28677811700941536,0.17025382779917658,0.32415556088140046,6.166666666666667,8.686823900807022e-07
1201,23.0,1,1.0,Unemployed,553316.1093389873,177974.1421195656,655.5945155509818,7,109,0.9421754310197537,2018-07-20,0,Phone,Savings,53,0,3,5.2,7.5,2018,7,20,4,1.0,0.0,0.0,1.0,0.0,0.0,0.0,High,0.0,Q3,0,0.6638087010207449,0.9706572160241501,0.514886546306964,-0.2597492419400539,0.23987622590802876,0.321650028104514,9.083333333333334,1.7027796861821223e-06
1202,25.0,0,1.0,Unemployed,419724.0485335547,260110.07896607567,624.1095026295923,9,30,0.5151838770883029,2018-07-21,0,SMS,Savings,28,9,3,5.2,7.5,2018,7,21,5,1.0,0.0,0.0,0.0,0.0,1.0,0.0,Medium,0.0,Q2,2,0.41553680261184817,0.7177631065249195,0.6599859034414219,0.8030524780154639,-0.6069903552958761,0.6197168827348745,2.5,1.2274347369140958e-06
1203,44.0,1,2.0,Unemployed,607604.4709593687,259773.2179407665,708.6693801475275,2,22,1.1001938296997391,2018-07-22,0,Email,Savings,79,3,3,5.2,7.5,2018,7,22,6,1.0,0.0,0.0,0.0,0.0,1.0,0.0,High,1.0,Q3,2,0.7420296403270262,1.0489012487835732,0.47614652793402795,0.798769746013039,0.6029794514594682,0.427536712379027,1.8333333333333333,1.8107072648142354e-06
1204,26.0,2,3.0,Unemployed,509590.8100566212,143933.46569071314,655.5945155509818,4,66,1.1626073955307037,2018-07-23,1,Email,Current,37,4,3,5.5,7.1,2018,7,23,0,0.0,0.0,1.0,0.0,1.0,0.0,0.0,High,0.0,Q2,1,0.7713146212639054,1.0782427349770105,0.46240478140721425,-0.7136791891404514,-0.04493373543735489,0.2824491000430729,5.5,2.281452829578157e-06
1205,54.0,1,3.0,Salaried,741796.3888212931,264232.1294516549,737.1297297457244,6,58,0.2435223496930642,2018-07-24,0,Email,Savings,30,9,3,5.2,7.5,2018,7,24,1,1.0,0.0,0.0,0.0,0.0,0.0,0.0,Very High,1.0,Q4,1,0.21794795731497624,0.493479837169731,0.8041672916026219,0.8554144906571582,1.541754656456889,0.3562057370911674,4.833333333333333,3.2828732164633305e-07
1206,43.32962962962963,0,0.0,Unemployed,211701.15038727692,155164.14788083808,515.4020319753251,4,127,0.8193962498894748,2018-07-25,0,Email,Current,78,1,2,5.5,7.1,2018,7,25,2,0.0,0.0,1.0,1.0,0.0,0.0,0.0,Low,0.0,Q1,0,0.5985047152239018,0.9052050871981856,0.5496328796218791,-0.5628508915647215,-1.7612762080959699,0.7329395593599161,10.583333333333334,3.870532816616758e-06
1208,59.0,0,2.0,Salaried,581702.4696754853,133744.4814987389,843.8928999058285,4,147,0.6169930783017574,2018-07-27,1,SMS,Savings,44,9,2,5.2,7.5,2018,7,27,4,1.0,0.0,0.0,1.0,0.0,0.0,0.0,High,1.0,Q3,0,0.4805683000055715,0.7854890694985879,0.6184318371048608,-0.8515287828724241,0.4284636856166253,0.2299190539337937,12.25,1.0606677992031901e-06
1209,61.0,1,1.0,Salaried,462725.52112738165,219158.1969364717,549.9668675394425,0,62,1.406094807597541,2018-07-28,0,SMS,Savings,44,6,3,5.2,7.5,2018,7,28,5,1.0,0.0,0.0,0.0,0.0,0.0,0.0,Medium,0.0,Q2,1,0.8780050214301512,1.1857886858954005,0.415611220656134,0.2781205993007724,-0.34212858889196984,0.4736246153065342,5.166666666666667,3.03872326767657e-06
1210,41.0,0,0.0,Salaried,561041.1655506169,137438.5890473914,582.2255029475149,4,53,1.2585088478225095,2018-07-29,0,Email,Current,34,6,3,6.1,8.2,2018,7,29,6,0.0,1.0,0.0,0.0,0.0,0.0,0.0,High,0.0,Q3,1,0.8147047936707147,1.1218328074283215,0.44277001658157217,-0.8014338607243902,0.2909169204466261,0.2449705966094421,4.416666666666667,2.2431666784867454e-06
1213,49.0,2,3.0,Unemployed,142152.3133495094,241949.01978023283,685.0630099273559,2,83,0.7464026013383667,2018-08-01,0,Email,Savings,69,4,4,6.1,8.2,2018,8,1,2,0.0,1.0,0.0,0.0,1.0,0.0,0.0,Low,0.0,Q1,1,0.5575580157957577,0.8639459481578501,0.5726056518889995,0.5713539729937648,-2.0863931917375944,1.7020406779125261,6.916666666666667,5.250724267168197e-06
1214,41.0,1,1.0,Self-Employed,561041.1655506169,141207.16684177605,698.9187130147664,4,55,1.3893923295352062,2018-08-02,0,Phone,Current,10,1,1,6.1,8.2,2018,8,2,3,0.0,1.0,0.0,0.0,0.0,1.0,0.0,High,0.0,Q3,1,0.871039078190429,1.1787248744025072,0.41851645191918896,-0.7504663820198919,0.2909169204466261,0.25168771119173144,4.583333333333333,2.476453449136177e-06
1215,58.0,0,3.0,Self-Employed,403973.62646082987,171671.38868416104,713.472146856177,1,22,1.0724335981545996,2018-08-03,0,Phone,Savings,60,6,4,4.8,6.9,2018,8,3,4,0.0,0.0,0.0,0.0,0.0,0.0,1.0,Medium,1.0,Q1,2,0.7287235680228914,1.0355836992511034,0.48252450688429815,-0.34309381948563955,-0.702022241681264,0.42495692154004183,1.8333333333333333,2.654711911641551e-06
1216,69.0,0,1.0,Self-Employed,525560.5394733566,236283.02669961407,655.5945155509818,5,174,1.1205734863181431,2018-08-04,0,SMS,Savings,8,3,4,5.5,7.1,2018,8,4,5,0.0,0.0,1.0,0.0,1.0,0.0,0.0,High,0.0,Q2,3,0.7516865645162535,1.058571436568238,0.4715705475202631,0.49871968367495095,0.05826865615644352,0.44958289093847104,14.5,2.1321492048109727e-06
1217,66.0,1,2.0,Salaried,573420.4533576134,297966.75501009147,690.9818656928512,5,111,1.3063672653022833,2018-08-05,0,Email,Current,78,1,1,5.2,7.5,2018,8,5,6,1.0,0.0,0.0,1.0,0.0,0.0,0.0,High,0.0,Q3,0,0.8356736742575859,1.142964244979817,0.4335822897958688,1.2810190810443682,0.37314921800025336,0.5196304967243026,9.25,2.278201375017169e-06
1218,66.0,2,3.0,Salaried,394838.9225374087,329871.72498392366,625.8742345381457,4,33,0.4837002250790674,2018-08-06,0,Email,Current,85,3,4,4.8,6.9,2018,8,6,0,0.0,0.0,0.0,0.0,0.0,1.0,0.0,Medium,0.0,Q1,2,0.39453911967579736,0.6954856037899472,0.6739905966831738,1.679151577288668,-0.75663229943362,0.8354589837902068,2.75,1.2250570991598216e-06
1219,69.0,0,2.0,Unemployed,473792.3186002008,77044.16319789436,717.2573701202731,5,11,1.2298992654133842,2018-08-07,1,Email,Savings,17,0,4,5.2,7.5,2018,8,7,1,1.0,0.0,0.0,0.0,0.0,0.0,0.0,Medium,1.0,Q2,2,0.8019564119913553,1.1090082350521047,0.4484507508973135,-1.640927354937666,-0.2727299771970867,0.16261167641028468,0.9166666666666666,2.59586155606547e-06
1220,29.0,0,0.0,Salaried,142152.3133495094,221420.09794915697,839.9881934895216,6,90,0.3733368441390888,2018-08-08,0,Email,Current,57,7,3,6.1,8.2,2018,8,8,2,0.0,1.0,0.0,0.0,0.0,1.0,0.0,Low,1.0,Q1,1,0.3172434311020156,0.6110129656063681,0.7281534783455661,0.3073532490208953,-2.0863931917375944,1.5576257095778114,7.5,2.6263156423009927e-06
1221,43.32962962962963,0,1.0,Salaried,646424.7214666144,316759.4882706817,655.5945155509818,4,109,0.5834787331428429,2018-08-09,0,Phone,Savings,52,5,4,6.1,8.2,2018,8,9,3,0.0,1.0,0.0,1.0,0.0,0.0,0.0,High,0.0,Q4,0,0.4596241566208275,0.763857796414256,0.6315209538780663,1.5160119494480937,0.8687251464401029,0.490017596406299,9.083333333333334,9.026244104944516e-07
1222,19.0,1,0.0,Salaried,716013.8000644329,65175.12489904475,552.5470695329359,0,151,0.5698546359777797,2018-08-10,0,Email,Current,38,8,3,5.5,7.1,2018,8,10,4,0.0,0.0,1.0,0.0,0.0,0.0,1.0,Very High,0.0,Q4,3,0.4509830265244475,0.7548871677130164,0.6370016542182282,-1.8125339668367322,1.357087296704863,0.0910249563530476,12.583333333333334,7.958710236122536e-07
1224,66.0,2,0.0,Self-Employed,418701.4246607477,199833.2962063853,637.9618836046402,3,172,1.2991521132470976,2018-08-12,1,Phone,Savings,13,9,3,6.1,8.2,2018,8,12,6,0.0,1.0,0.0,0.0,0.0,0.0,1.0,Medium,0.0,Q2,3,0.8325404085540049,1.139803541513667,0.4349429488541747,0.02711073329250523,-0.6131934853809755,0.4772692053013671,14.333333333333334,3.1028127365454606e-06
1226,66.0,0,1.0,Unemployed,464451.9357025188,138215.67797388198,734.7421677150421,9,140,1.117879466261546,2018-08-14,0,Phone,Savings,43,2,2,5.2,7.5,2018,8,14,1,1.0,0.0,0.0,0.0,1.0,0.0,0.0,Medium,1.0,Q2,0,0.7504153363348687,1.057298191742304,0.4721704024852686,-0.79091304044377,-0.331334942833485,0.2975887650566474,11.666666666666666,2.4068786893323387e-06
1227,43.32962962962963,2,0.0,Salaried,629727.2669441922,85150.4937429248,596.4671814046077,5,120,0.8869019121635995,2018-08-15,0,Email,Current,10,7,3,5.2,7.5,2018,8,15,2,1.0,0.0,0.0,0.0,1.0,0.0,0.0,High,0.0,Q4,0,0.6349362841999623,0.9417546985089055,0.5299692546568883,-1.5252494265093581,0.753816736197319,0.13521805107173646,10.0,1.4083905187516656e-06
1228,66.0,0,1.0,Unemployed,697461.7798513251,46951.48598567798,655.5945155509818,0,111,1.4259269339519267,2018-08-16,0,SMS,Current,57,3,1,4.8,6.9,2018,8,16,3,0.0,0.0,0.0,0.0,0.0,1.0,0.0,Very High,0.0,Q4,0,0.8862136921589591,1.1941218254231545,0.4122135691741392,-2.082395886195394,1.225435302251195,0.06731764713427943,9.25,2.0444517178502387e-06
1229,19.0,1,1.0,Salaried,724370.6378853697,278110.71627696825,683.1980330569014,2,26,0.7947622540353061,2018-08-17,0,Email,Savings,58,4,4,5.5,7.1,2018,8,17,4,0.0,0.0,1.0,0.0,0.0,0.0,0.0,Very High,0.0,Q4,2,0.5848725641626976,0.8914943937206258,0.5571768615880018,1.031125954021403,1.4167277373188794,0.38393427581334233,2.1666666666666665,1.0971762416480992e-06
1231,45.0,1,3.0,Self-Employed,455517.4443088869,224214.82791967888,720.9451817139039,9,191,0.3282494717042273,2018-08-19,0,SMS,Current,56,3,4,6.1,8.2,2018,8,19,6,0.0,1.0,0.0,0.0,0.0,0.0,1.0,Medium,1.0,Q2,3,0.28386188861063005,0.5729305993785175,0.7528706175331186,0.34343132296835616,-0.3870629148851949,0.4922200691125202,15.916666666666666,7.206079060314559e-07
1232,40.0,2,3.0,Unemployed,270608.27425331215,157268.13202495227,655.5945155509818,3,125,1.2006879131654813,2018-08-20,1,Phone,Savings,20,4,2,5.2,7.5,2018,8,20,0,1.0,0.0,0.0,1.0,0.0,0.0,0.0,Low,0.0,Q1,0,0.7887699992901193,1.0957590579892467,0.45440336815482146,-0.5347169249634285,-1.458800068073584,0.5811652746350839,10.416666666666666,4.436996305743173e-06
1233,43.32962962962963,0,1.0,Unemployed,477081.9399384062,70156.32852274037,701.3105798176083,5,33,1.128221504905828,2018-08-21,0,Phone,Current,25,1,4,6.1,8.2,2018,8,21,1,0.0,1.0,0.0,1.0,0.0,0.0,0.0,Medium,1.0,Q2,2,0.755286656713577,1.0621777181365781,0.4698759023414008,-1.7401661948290106,-0.2520065490254598,0.14705299582666642,2.75,2.3648380088575294e-06
1236,18.0,0,1.0,Unemployed,561041.1655506169,143096.11001915697,711.5367484013053,3,162,1.274596258805215,2018-08-24,1,Email,Savings,19,4,4,5.2,7.5,2018,8,24,4,1.0,0.0,0.0,0.0,0.0,0.0,0.0,High,1.0,Q3,3,0.8218025679964399,1.1289801853022998,0.43963846160780784,-0.7249706023773788,0.2909169204466261,0.25505456427376344,13.5,2.2718408863176753e-06
1237,36.0,2,1.0,Self-Employed,679577.7077520683,153074.8736349825,556.4561297955405,5,131,0.115985176835703,2018-08-25,0,Email,Savings,3,6,3,4.8,6.9,2018,8,25,5,0.0,0.0,0.0,0.0,1.0,0.0,0.0,Very High,0.0,Q4,0,0.10973758146562322,0.34056596546881046,0.896069249625187,-0.5908255995376652,1.0995151359720783,0.22524999258926415,10.916666666666666,1.7067242717446244e-07
1239,61.0,1,3.0,Salaried,357825.6139177518,139276.76422330813,596.4036554885952,7,99,1.45835995361648,2018-08-27,1,Email,Current,67,5,2,6.1,8.2,2018,8,27,0,0.0,1.0,0.0,0.0,1.0,0.0,0.0,Medium,0.0,Q1,1,0.8994944420888996,1.20762575064317,0.40677525621457733,-0.7765567066362832,-0.973971069939598,0.38923083984513657,8.25,4.075616436870537e-06
1241,49.0,2,0.0,Salaried,514841.2427600311,150254.5359594887,686.7287313401341,8,93,0.4289627669943339,2018-08-29,0,Email,Current,85,2,1,5.2,7.5,2018,8,29,2,1.0,0.0,0.0,0.0,0.0,0.0,1.0,High,0.0,Q2,1,0.3569488433209054,0.6549524921659081,0.6998082966873869,-0.6286491800262026,-0.011109157528792777,0.2918463469515063,7.75,8.331942575048803e-07
1243,49.0,1,2.0,Unemployed,690100.551056525,282485.03311904427,627.6534017628148,1,165,1.2439793988218193,2018-08-31,1,Phone,Savings,77,1,4,4.8,6.9,2018,8,31,4,0.0,0.0,0.0,0.0,0.0,0.0,1.0,Very High,0.0,Q4,3,0.8082508070576216,1.1153382441312676,0.4456368897704857,1.0863255142246833,1.1734866155392252,0.4093389473266866,13.75,1.80260600707726e-06
1245,28.0,1,2.0,Salaried,601100.3621222982,237010.1068304882,648.0580394112268,2,184,1.4538493853586048,2018-09-02,0,Email,Savings,66,9,3,5.2,7.5,2018,9,2,6,1.0,0.0,0.0,0.0,0.0,1.0,0.0,High,0.0,Q3,3,0.8976579692456947,1.205756768738457,0.407522974297732,0.5080499420759055,0.5589435581413336,0.39429373489924263,15.333333333333334,2.4186466636378577e-06
1246,34.0,1,3.0,Self-Employed,494215.023165026,369428.4759700712,619.6820217165724,4,113,0.1723362103211455,2018-09-03,0,SMS,Savings,7,9,3,5.2,7.5,2018,9,3,0,1.0,0.0,0.0,0.0,1.0,0.0,0.0,High,0.0,Q2,0,0.15899851889051025,0.41513396671574043,0.8529976223510691,2.1675282403143306,-0.14338417769532585,0.7475055565980101,9.416666666666666,3.487069438267557e-07
1247,55.0,0,0.0,Unemployed,553933.8714794142,106191.73945109472,729.994190194205,1,101,0.8067138376263393,2018-09-04,1,Phone,Savings,42,2,4,5.2,7.5,2018,9,4,1,1.0,0.0,0.0,0.0,1.0,0.0,0.0,High,1.0,Q3,0,0.5915096358298737,0.8981724988143087,0.5534910837422932,-1.229815650609693,0.24395004863117303,0.19170472310617878,8.416666666666666,1.4563359981432715e-06
1248,41.0,2,3.0,Unemployed,453988.7128807234,101322.55189759156,488.3689391563412,2,195,1.1058355262515702,2018-09-05,1,Phone,Savings,20,1,3,6.1,8.2,2018,9,5,2,0.0,1.0,0.0,0.0,0.0,0.0,1.0,Medium,0.0,Q2,3,0.7447123129656894,1.051587146294386,0.47487089449004605,-1.2976206156816503,-0.3965655390708549,0.22318297574991047,16.25,2.435821629208889e-06
1249,22.0,1,3.0,Self-Employed,641543.1082499241,255599.83206215,544.6317580853646,3,36,1.3076966596088506,2018-09-06,0,Email,Savings,27,8,3,5.2,7.5,2018,9,6,3,1.0,0.0,0.0,0.0,0.0,0.0,0.0,High,0.0,Q4,2,0.8362499100293423,1.1435456526124572,0.4333325161416569,0.7456648902152408,0.8350375682714919,0.39841411866991283,3.0,2.038361324114505e-06
1251,43.32962962962963,2,1.0,Unemployed,591985.8051644289,179160.1150449022,745.0307591973576,2,179,1.220004874469154,2018-09-08,1,Phone,Current,19,3,4,4.8,6.9,2018,9,8,5,0.0,0.0,0.0,0.0,0.0,0.0,1.0,High,1.0,Q3,3,0.7975093915886037,1.104538308285029,0.4504494613954932,-0.2440995001760127,0.497474411552232,0.302642586159881,14.916666666666666,2.0608684597264757e-06
1252,23.0,0,1.0,Salaried,561041.1655506169,338146.70737750083,821.0613372581926,8,196,0.8737899060059633,2018-09-09,0,Email,Savings,39,6,2,5.2,7.5,2018,9,9,6,1.0,0.0,0.0,1.0,0.0,0.0,0.0,High,1.0,Q3,3,0.6279630676093321,0.9347673004582281,0.5336777601345546,1.7817751526508288,0.2909169204466261,0.6027128277577225,16.333333333333332,1.557443481261145e-06
1253,39.0,0,3.0,Self-Employed,311126.2444913895,207714.6975034792,639.5550781462529,7,184,0.6551751547859485,2018-09-10,0,Phone,Savings,71,6,4,5.2,7.5,2018,9,10,0,1.0,0.0,0.0,1.0,0.0,0.0,0.0,Low,0.0,Q1,3,0.5039068369365562,0.8094289065668142,0.6041656661583484,0.1297598126477125,-1.238619365993544,0.6676219096946924,15.333333333333334,2.1058177070757546e-06
1254,43.32962962962963,1,3.0,Self-Employed,564649.1525817959,145529.01743687346,633.117827680999,3,171,0.2844010400107309,2018-09-11,1,Email,Savings,36,2,1,5.5,7.1,2018,9,11,1,0.0,0.0,1.0,0.0,0.0,1.0,0.0,High,0.0,Q3,3,0.250292492957848,0.5332926401242857,0.7785730226375753,-0.692181780936412,0.31482808273709056,0.2577335266890211,14.25,5.036774406024317e-07
1255,65.0,2,2.0,Self-Employed,749840.3534975067,120744.60890898372,655.5945155509818,0,174,1.3114140624724775,2018-09-12,0,Email,Current,25,0,2,4.8,6.9,2018,9,12,2,0.0,0.0,0.0,0.0,0.0,0.0,0.0,Very High,0.0,Q4,3,0.8378594855038695,1.145169883673369,0.43263559577478655,-1.028938399708702,1.5997684100822072,0.1610270884272771,14.5,1.7489243628401736e-06
1256,33.0,0,3.0,Unemployed,598280.9134038995,250353.086790943,766.187830260819,0,143,0.3201824914516015,2018-09-13,0,Email,Current,76,9,4,6.1,8.2,2018,9,13,3,0.0,1.0,0.0,0.0,0.0,0.0,1.0,High,1.0,Q3,0,0.277769978142175,0.5658467031375207,0.7574710363719896,0.6787796907918999,0.5398988976550395,0.4184540759733874,11.916666666666666,5.351708274127178e-07
1257,50.0,2,2.0,Unemployed,561041.1655506169,126803.27457738426,557.2646865809426,0,144,0.5337030028927389,2018-09-14,0,Email,Savings,68,9,3,5.5,7.1,2018,9,14,4,0.0,0.0,1.0,0.0,1.0,0.0,0.0,High,0.0,Q3,0,0.4276850746127852,0.7305497949440126,0.6520167190869979,-0.9460317280909573,0.2909169204466261,0.22601420780405126,12.0,9.512724478407073e-07
1258,26.0,2,1.0,Salaried,490046.6980701831,206502.14742136223,673.8368982734785,0,162,0.5060637447474116,2018-09-15,0,SMS,Current,14,0,1,5.2,7.5,2018,9,15,5,1.0,0.0,0.0,0.0,0.0,1.0,0.0,Medium,0.0,Q2,3,0.4094994556714479,0.7113815746471169,0.6639825196560418,0.1139927860489123,-0.16991677853080137,0.42139279426751197,13.5,1.0326847354350188e-06
1259,43.32962962962963,1,1.0,Salaried,574995.5876679418,326677.2020307275,747.519762978243,7,42,1.319979647867196,2018-09-16,1,Email,Current,42,9,1,5.2,7.5,2018,9,16,6,1.0,0.0,0.0,0.0,0.0,0.0,0.0,High,1.0,Q3,2,0.841558413168704,1.1489036721445345,0.4310382640293074,1.6394662023100088,0.3836509573706755,0.5681386240817253,3.5,2.2956343947277035e-06
1260,33.0,0,0.0,Unemployed,348520.0966203381,175457.56857029037,700.1094169939845,2,64,1.041784191892457,2018-09-17,0,Email,Savings,12,0,1,4.8,6.9,2018,9,17,0,0.0,0.0,0.0,0.0,1.0,0.0,0.0,Medium,1.0,Q1,1,0.7138240294818707,1.0206782999027937,0.48976772568365096,-0.2929915301076196,-1.0275836850532154,0.5034360149435683,5.333333333333333,2.9891653365037633e-06
1261,46.0,1,1.0,Unemployed,228345.76065532945,305120.7579715119,668.9581616598743,5,195,1.2153539560679212,2018-09-18,1,Phone,Savings,30,3,4,5.2,7.5,2018,9,18,1,1.0,0.0,0.0,1.0,0.0,0.0,0.0,Low,0.0,Q1,3,0.7954121903097032,1.1024309302935587,0.4513951358702612,1.370644321656761,-1.6780925632648305,1.3362225648325852,16.25,5.322428376073097e-06
1262,20.0,0,3.0,Unemployed,436780.4263126946,102836.52082188746,750.1046092567141,2,16,0.4506550583094986,2018-09-19,0,SMS,Savings,23,1,1,6.1,8.2,2018,9,19,2,0.0,1.0,0.0,1.0,0.0,0.0,0.0,Medium,1.0,Q2,2,0.37201521876907007,0.6713084673304058,0.6893437514810286,-1.2765042257434158,-0.502864337767523,0.23544214581691436,1.3333333333333333,1.0317656908619596e-06
1264,53.0,0,2.0,Self-Employed,497142.1937220062,349713.91161122674,717.7875319530908,6,135,0.9004443764012481,2018-09-21,0,Email,Savings,28,1,2,5.2,7.5,2018,9,21,4,1.0,0.0,0.0,0.0,0.0,1.0,0.0,High,1.0,Q2,0,0.6420877411426359,0.9489174760753688,0.5261927223008952,1.9248125531976303,-0.1247116285161701,0.7034484620848357,11.25,1.8112411052053285e-06
1265,36.0,0,1.0,Unemployed,181719.0705007423,205839.74047786865,584.5924316872577,1,21,1.2659625275035795,2018-09-22,0,Email,Savings,86,8,3,4.8,6.9,2018,9,22,5,0.0,0.0,0.0,1.0,0.0,0.0,0.0,Low,0.0,Q1,2,0.8179996256215858,1.1251500022235166,0.4413135644840977,0.10537550576317518,-1.906135373639092,1.1327360409155727,1.75,6.966591475595338e-06
1266,43.0,0,0.0,Self-Employed,612940.2125072312,262406.25437732664,476.3668910048285,5,25,1.3685218846737648,2018-09-23,0,SMS,Savings,76,5,4,5.2,7.5,2018,9,23,6,1.0,0.0,0.0,0.0,0.0,0.0,1.0,High,0.0,Q4,2,0.8622660832265753,1.1698384010938283,0.42220424749748003,0.8322306377185088,0.6392109067629881,0.4281106852232034,2.0833333333333335,2.2327167589083897e-06
1267,20.0,2,1.0,Self-Employed,373078.9929413287,206014.9670084949,701.120259952498,5,52,0.1170194800683415,2018-09-24,0,Email,Savings,49,9,1,5.2,7.5,2018,9,24,0,1.0,0.0,0.0,0.0,1.0,0.0,0.0,Medium,1.0,Q1,2,0.11066395956645565,0.3420811015948433,0.8952395350695388,0.10765530220239879,-0.8851843752911662,0.5522020025418406,4.333333333333333,3.136587218319855e-07
1268,43.32962962962963,1,2.0,Salaried,699150.4473362712,298164.00479761214,787.3658545162957,2,126,1.0436278866823097,2018-09-25,0,Email,Savings,10,3,2,5.2,7.5,2018,9,25,1,1.0,0.0,0.0,0.0,1.0,0.0,0.0,Very High,1.0,Q4,0,0.7147266042427788,1.0215810720066762,0.4893258731282199,1.283493060260488,1.2373756509402567,0.4264661575110226,10.5,1.4927086017873272e-06
1269,37.0,2,2.0,Unemployed,444620.2320407244,140065.6607496696,636.2551485372309,5,144,0.1725701187676206,2018-09-26,0,SMS,Savings,59,1,1,6.1,8.2,2018,9,26,2,0.0,1.0,0.0,1.0,0.0,0.0,0.0,Medium,0.0,Q2,0,0.15919802233706526,0.4154155976460448,0.8528274633597239,-0.7658900860116249,-0.45458947953172235,0.3150231380762728,12.0,3.881292535329662e-07
1270,49.0,0,3.0,Unemployed,494922.19072310254,218027.4202951254,745.2874547202939,9,120,0.8684021311082982,2018-09-27,1,Phone,Savings,86,0,4,6.1,8.2,2018,9,27,3,0.0,1.0,0.0,0.0,0.0,1.0,0.0,High,1.0,Q2,0,0.6250835902511911,0.9318809640229262,0.5352166877516995,0.2634953258770394,-0.13887616082059445,0.4405286818450755,10.0,1.754623549692782e-06
1272,69.0,0,2.0,Unemployed,362368.0619799455,228934.1268338924,781.4914453584047,4,169,0.5294872393309976,2018-09-29,1,SMS,Current,18,2,3,5.2,7.5,2018,9,29,5,1.0,0.0,0.0,0.0,0.0,1.0,0.0,Medium,1.0,Q1,3,0.4249325415409989,0.7276587382358557,0.6538138889196636,0.40425347954558094,-0.9476470829851166,0.6317723631133979,14.083333333333334,1.461186276842193e-06
1274,50.0,2,3.0,Salaried,400826.7643985431,246591.676798725,724.2127491071892,8,17,0.969809428669454,2018-10-01,0,Email,Current,44,9,4,6.1,8.2,2018,10,1,0,0.0,1.0,0.0,0.0,0.0,0.0,0.0,Medium,1.0,Q1,2,0.6779368013545861,0.9847890274924137,0.5076633228806654,0.6307440516394087,-0.7208774787035922,0.6152076126172509,1.4166666666666667,2.4195226337360294e-06
1275,57.0,1,0.0,Salaried,704704.304493132,114352.45294115185,657.5433638901593,7,54,0.5676699519362769,2018-10-02,0,Phone,Savings,34,5,1,5.2,7.5,2018,10,2,1,1.0,0.0,0.0,1.0,0.0,0.0,0.0,Very High,0.0,Q4,1,0.4495904099355632,0.7534387512839228,0.6378893712703172,-1.1168572906863985,1.2767073055880964,0.1622701212580238,4.5,8.055434716616085e-07
1276,56.0,1,1.0,Unemployed,281274.210787321,128820.3118570745,489.8034188102831,2,68,1.1257786708263926,2018-10-03,0,SMS,Current,18,9,2,6.1,8.2,2018,10,3,2,0.0,1.0,0.0,1.0,0.0,0.0,0.0,Low,0.0,Q1,1,0.7541381685861508,1.0610271772327007,0.4704158592442984,-0.918518570748084,-1.4017408836103376,0.4579883505725273,5.666666666666667,4.002424067514758e-06
1277,35.0,1,1.0,Unemployed,574426.2782186322,143656.9833447049,625.3937511870051,7,141,0.6663383398034175,2018-10-04,0,Phone,Savings,9,9,3,5.2,7.5,2018,10,4,3,1.0,0.0,0.0,1.0,0.0,0.0,0.0,High,0.0,Q3,0,0.5106286082417573,0.8162954978458582,0.6001182209598398,-0.7174067235034887,0.3798542573481795,0.25008776372523067,11.75,1.1600067146472061e-06
1278,57.0,1,1.0,Unemployed,595774.4327863671,180889.5401706722,565.6753404683808,8,113,0.195694480433942,2018-10-05,1,SMS,Savings,72,3,2,4.8,6.9,2018,10,5,4,0.0,0.0,0.0,0.0,0.0,0.0,0.0,High,0.0,Q3,0,0.17872717175305042,0.44237368867727883,0.8363340438245391,-0.2212969029363476,0.522990878302469,0.303620850805351,9.416666666666666,3.284707595099405e-07
1279,18.0,1,3.0,Unemployed,495164.6045803741,206974.9123365144,850.7570762502029,2,166,1.19726377947775,2018-10-06,1,SMS,Savings,35,8,1,5.2,7.5,2018,10,6,5,1.0,0.0,0.0,0.0,0.0,1.0,0.0,High,1.0,Q2,3,0.7872128496809783,1.094195494177229,0.4551114933673015,0.12014132939465166,-0.1373303873517554,0.4179921392239147,13.833333333333334,2.417910667286827e-06
1280,28.0,0,2.0,Unemployed,561041.1655506169,256647.1297485341,632.4114187567664,2,166,0.5000616544297883,2018-10-07,0,Phone,Savings,14,5,1,5.2,7.5,2018,10,7,6,1.0,0.0,0.0,0.0,0.0,1.0,0.0,High,0.0,Q3,3,0.40550621021665334,0.7071503761080724,0.6666392658241275,0.7589994053775913,0.2909169204466261,0.45744794768607666,13.833333333333334,8.913100947575174e-07
1281,45.0,1,3.0,Salaried,447335.6194772072,132152.10405286145,662.3204806784486,1,107,0.7058736314389676,2018-10-08,0,Phone,Current,39,3,3,5.5,7.1,2018,10,8,0,0.0,0.0,1.0,1.0,0.0,0.0,0.0,Medium,0.0,Q2,0,0.5340773733124454,0.840162860068789,0.5862098936112067,-0.8731647530493357,-0.4378091002268445,0.29542048139896654,8.916666666666666,1.5779508733597137e-06
1282,42.0,1,0.0,Self-Employed,419342.0996053759,71918.45618385982,705.1485376040467,7,165,1.0596214365106622,2018-10-09,1,Email,Current,76,0,4,6.1,8.2,2018,10,9,1,0.0,1.0,0.0,0.0,0.0,0.0,1.0,Medium,1.0,Q2,3,0.7225221972298116,1.029379150998631,0.485526117699651,-1.7146893415704962,-0.6093077496201169,0.17150306695068074,13.75,2.526866340173869e-06
1283,67.0,2,3.0,Salaried,561041.1655506169,371125.82313849556,654.3602446372454,9,88,0.5654386200081968,2018-10-10,0,Phone,Savings,78,3,1,5.2,7.5,2018,10,10,2,1.0,0.0,0.0,0.0,0.0,1.0,0.0,High,0.0,Q3,1,0.4481660531001167,0.7519565280042436,0.6387986007364275,2.188364156589783,0.2909169204466261,0.6614948170055673,7.333333333333333,1.00783802460068e-06
1284,40.0,1,0.0,Unemployed,495479.3821110361,109483.7583478056,819.5051040430753,0,133,0.1792199186054018,2018-10-11,1,Phone,Savings,23,7,4,5.2,7.5,2018,10,11,3,1.0,0.0,0.0,0.0,0.0,0.0,0.0,High,1.0,Q2,0,0.16485313393629236,0.42334373575783757,0.8480182400435067,-1.184148443712239,-0.1353228412083193,0.2209653162182851,11.083333333333334,3.6171014390511793e-07
1285,48.0,2,3.0,Salaried,604977.7557327901,266905.8978396441,587.7350638265548,7,181,0.623489465817939,2018-10-12,1,Email,Current,55,1,4,5.5,7.1,2018,10,12,4,0.0,0.0,1.0,0.0,1.0,0.0,0.0,High,0.0,Q3,3,0.48457782397669397,0.7896134914107907,0.6159571842347523,0.8893357716947815,0.5851782118161665,0.4411829944331582,15.083333333333334,1.0305989929542553e-06
1286,47.0,0,2.0,Unemployed,561041.1655506169,202501.35017989395,669.4607455237243,6,13,1.4222280157720248,2018-10-13,1,SMS,Current,89,4,2,5.5,7.1,2018,10,13,5,0.0,0.0,1.0,0.0,1.0,0.0,0.0,High,0.0,Q3,2,0.8846877842884509,1.1925720170170122,0.4128430492458303,0.06190420609027294,0.2909169204466261,0.3609384883213607,1.0833333333333333,2.5349797895422202e-06
1287,59.0,1,0.0,Unemployed,324736.26640516374,220104.45126451043,575.7529414301952,6,99,0.9984281562179814,2018-10-14,0,Email,Savings,57,4,3,6.1,8.2,2018,10,14,6,0.0,1.0,0.0,0.0,1.0,0.0,0.0,Medium,0.0,Q1,1,0.692360949670417,0.9992137690294212,0.5003932700250264,0.2903535442324404,-1.162645314463974,0.6777944875115756,8.25,3.074581620558119e-06
1288,52.0,2,1.0,Salaried,507532.0466335876,199875.95953312775,517.9977488779294,2,113,1.0400708081340897,2018-10-15,0,SMS,Current,5,8,2,5.5,7.1,2018,10,15,0,0.0,0.0,1.0,0.0,0.0,0.0,1.0,High,0.0,Q2,0,0.7129845171234033,1.0198386186716453,0.4901790643799419,0.027667456503811028,-0.05816830500793745,0.3938193870887291,9.416666666666666,2.0492712037255217e-06
1289,24.0,2,1.0,Unemployed,446162.7736637222,169212.64944422996,588.8230909094715,0,146,0.9851950150926956,2018-10-16,0,Phone,Current,12,0,2,4.8,6.9,2018,10,16,1,0.0,0.0,0.0,1.0,0.0,0.0,0.0,Medium,0.0,Q2,0,0.6857171536926825,0.9925699043859307,0.5037288490034348,-0.3756887205279681,-0.44506074381607313,0.37926214250175744,12.166666666666666,2.2081515385128205e-06
1290,33.0,0,3.0,Self-Employed,482772.3109033272,237117.78263387672,646.2963202951588,3,128,0.3785889945432115,2018-10-17,0,SMS,Current,66,2,2,5.5,7.1,2018,10,17,2,0.0,0.0,1.0,0.0,0.0,0.0,0.0,Medium,0.0,Q2,0,0.32106050837009814,0.6152958593580908,0.7253793581395483,0.5094314508558371,-0.21605792117293257,0.49115862131819404,10.666666666666666,7.84197821608336e-07
1292,65.0,1,0.0,Self-Employed,353624.58287395653,293304.2197789432,580.7579020126144,4,65,1.1513157177086455,2018-10-19,0,Phone,Savings,68,2,2,6.1,8.2,2018,10,19,4,0.0,1.0,0.0,0.0,0.0,0.0,0.0,Medium,0.0,Q1,1,0.766079616692304,1.0729938106571937,0.4648318197875179,1.222492325515184,-0.9982273367896506,0.8294225966849328,5.416666666666667,3.2557570187902135e-06
1293,69.0,2,1.0,Self-Employed,539082.0569993266,245475.2805004924,509.3682536328166,0,105,0.2419220565744228,2018-10-20,0,SMS,Current,41,8,1,6.1,8.2,2018,10,20,5,0.0,1.0,0.0,0.0,0.0,0.0,0.0,High,0.0,Q2,0,0.21666022516072087,0.49185572739821054,0.8052035107245673,0.6164730172618117,0.14639058688646217,0.4553579131660824,8.75,4.487666644314319e-07
1294,66.0,1,2.0,Unemployed,287473.44451677974,247967.5290625195,641.6894427371305,4,187,0.4889938865255971,2018-10-21,1,SMS,Savings,34,8,2,6.1,8.2,2018,10,21,6,0.0,1.0,0.0,1.0,0.0,0.0,0.0,Low,0.0,Q1,3,0.3981006479349457,0.6992809782380736,0.6715944296678005,0.6483229410199078,-1.3682754912687674,0.8625754266775264,15.583333333333334,1.7010054175527669e-06
1295,19.0,2,2.0,Salaried,697776.5474618037,159430.1551954728,499.5279625968998,7,84,0.486846751852195,2018-10-22,1,Phone,Current,45,1,2,6.1,8.2,2018,10,22,0,0.0,1.0,0.0,0.0,1.0,0.0,0.0,Very High,0.0,Q4,1,0.3966576035606556,0.6977440446554847,0.6725642698242302,-0.5058457058157916,1.2276603252890879,0.22848310934984528,7.0,6.977115433631638e-07
1297,65.0,2,0.0,Salaried,401307.43672719685,104966.9753086348,658.2439752934504,4,41,1.472516237319059,2018-10-24,1,SMS,Current,70,3,1,4.8,6.9,2018,10,24,2,0.0,0.0,0.0,0.0,0.0,0.0,1.0,Medium,0.0,Q1,2,0.905236351659621,1.213472800403478,0.40444628225547935,-1.24684131288853,-0.7180002745385395,0.2615624972332369,3.4166666666666665,3.669297158627177e-06
1298,29.0,1,2.0,Self-Employed,411003.33572522807,171758.71546195503,655.5945155509818,8,37,0.1945035653573507,2018-10-25,0,Phone,Savings,32,2,1,4.8,6.9,2018,10,25,3,0.0,0.0,0.0,0.0,0.0,0.0,1.0,Medium,0.0,Q2,2,0.17773067259078432,0.44102558356330157,0.8371678653808265,-0.34193700443731057,-0.6597427043720204,0.41790102544759516,3.0833333333333335,4.7324084368839284e-07
1299,22.0,0,2.0,Unemployed,555102.1124696506,117073.92669149622,619.0790922950137,0,31,0.8261813921328329,2018-10-26,0,SMS,Savings,86,6,4,6.1,8.2,2018,10,26,4,0.0,1.0,0.0,0.0,0.0,0.0,1.0,High,0.0,Q3,2,0.602227115756466,0.9089452085427553,0.5475907291071893,-1.0793676226766296,0.25165772641259665,0.21090520836001517,2.5833333333333335,1.4883412863574776e-06
1300,54.0,1,0.0,Unemployed,340290.9368787635,305045.4812470972,574.7843594409417,3,26,0.3511105548170946,2018-10-27,1,Phone,Current,51,2,3,5.5,7.1,2018,10,27,5,0.0,0.0,1.0,1.0,0.0,0.0,0.0,Medium,0.0,Q1,2,0.300926887470948,0.5925458250777694,0.740131883682438,1.3697023484441406,-1.0746383424801054,0.896425523538926,2.1666666666666665,1.031795198654338e-06
